{
    "0": {
        "title": "Greenhorn",
        "description": "Earn 15,000g"
    },
    "1": {
        "title": "Cowpoke",
        "description": "Earn 50,000g"
    },
    "2": {
        "title": "Homesteader",
        "description": "Earn 250,000g"
    },
    "3": {
        "title": "Millionaire",
        "description": "Earn 1,000,000g"
    },
    "4": {
        "title": "Legend",
        "description": "Earn 10,000,000g"
    },
    "5": {
        "title": "A Complete Collection",
        "description": "Complete the museum collection."
    },
    "6": {
        "title": "A New Friend",
        "description": "Reach a 5-heart friend level with someone."
    },
    "7": {
        "title": "Best Friends",
        "description": "Reach a 10-heart friend level with someone."
    },
    "9": {
        "title": "The Beloved Farmer",
        "description": "Reach a 10-heart friend level with 8 people."
    },
    "11": {
        "title": "Cliques",
        "description": "Reach a 5-heart friend level with 4 people."
    },
    "12": {
        "title": "Networking",
        "description": "Reach a 5-heart friend level with 10 people."
    },
    "13": {
        "title": "Popular",
        "description": "Reach a 5-heart friend level with 20 people."
    },
    "15": {
        "title": "Cook",
        "description": "Cook 10 different recipes."
    },
    "16": {
        "title": "Sous Chef",
        "description": "Cook 25 different recipes."
    },
    "17": {
        "title": "Gourmet Chef",
        "description": "Cook every recipe."
    },
    "18": {
        "title": "Moving Up",
        "description": "Upgrade your house."
    },
    "19": {
        "title": "Living Large",
        "description": "Upgrade your house to the maximum size."
    },
    "20": {
        "title": "DIY",
        "description": "Craft 15 different items."
    },
    "21": {
        "title": "Artisan",
        "description": "Craft 30 different items."
    },
    "22": {
        "title": "Craft Master",
        "description": "Craft every item."
    },
    "24": {
        "title": "Fisherman",
        "description": "Catch 10 different fish."
    },
    "25": {
        "title": "Ol' Mariner",
        "description": "Catch 24 different fish."
    },
    "26": {
        "title": "Master Angler",
        "description": "Catch every fish."
    },
    "27": {
        "title": "Mother Catch",
        "description": "Catch 100 fish."
    },
    "28": {
        "title": "Treasure Trove",
        "description": "Donate 40 different items to the museum."
    },
    "29": {
        "title": "Gofer",
        "description": "Complete 10 'Help Wanted' requests."
    },
    "30": {
        "title": "A Big Help",
        "description": "Complete 40 'Help Wanted' requests."
    },
    "31": {
        "title": "Polyculture",
        "description": "Ship 15 of each crop."
    },
    "32": {
        "title": "Monoculture",
        "description": "Ship 300 of one crop."
    },
    "34": {
        "title": "Full Shipment",
        "description": "Ship every item."
    },
    "35": {
        "title": "Well read",
        "description": "Read every book."
    },
    "36": {
        "title": "Two Thumbs Up",
        "description": "See a movie."
    },
    "37": {
        "title": "Blue Ribbon",
        "description": "Get 1st place in the Stardew Valley Fair competition."
    },
    "38": {
        "title": "An Unforgettable Soup",
        "description": "Delight the Governor."
    },
    "39": {
        "title": "Good Neighbors",
        "description": "Help your forest neighbors grow their family."
    },
    "40": {
        "title": "A Distant Shore",
        "description": "Reach Ginger Island."
    },
    "41": {
        "title": "Danger In The Deep",
        "description": "Reach the bottom of the 'dangerous' mines."
    },
    "42": {
        "title": "Infinite Power",
        "description": "Obtain the most powerful weapon."
    },
    "44": {
        "title": "Perfection",
        "description": "Reach the summit."
    }
}
