{
    "1.0.0" : {
        "0"  : "Greenhornµ Earn 15,000g",
        "1"  : "Cowpokeµ Earn 50,000g",
        "2"  : "Homesteaderµ Earn 250,000g",
        "3"  : "Millionaireµ Earn 1,000,000g",
        "4"  : "Legendµ Earn 10,000,000g",
        "5"  : "A Complete Collectionµ Complete the museum collection.",
        "6"  : "A New Friendµ Reach a 5-heart friend level with someone.",
        "7"  : "Best Friendsµ Reach a 10-heart friend level with someone.",
        "9"  : "The Beloved Farmerµ Reach a 10-heart friend level with 8 people.",
        "11" : "Cliquesµ Reach a 5-heart friend level with 4 people.",
        "12" : "Networkingµ Reach a 5-heart friend level with 10 people.",
        "13" : "Popularµ Reach a 5-heart friend level with 20 people.",
        "15" : "Cookµ Cook 10 different recipes.",
        "16" : "Sous Chefµ Cook 25 different recipes.",
        "17" : "Gourmet Chefµ Cook every recipe.",
        "18" : "Moving Upµ Upgrade your house.",
        "19" : "Living Largeµ Upgrade your house to the maximum size.",
        "20" : "DIYµ Craft 15 different items.",
        "21" : "Artisanµ Craft 30 different items.",
        "22" : "Craft Masterµ Craft every item.",
        "24" : "Fishermanµ Catch 10 different fish.",
        "25" : "Ol' Marinerµ Catch 24 different fish.",
        "26" : "Master Anglerµ Catch every fish.",
        "27" : "Mother Catchµ Catch 100 fish.",
        "28" : "Treasure Troveµ Donate 40 different items to the museum.",
        "29" : "Goferµ Complete 10 'Help Wanted' requests.",
        "30" : "A Big Helpµ Complete 40 'Help Wanted' requests.",
        "31" : "Polycultureµ Ship 15 of each crop.",
        "32" : "Monocultureµ Ship 300 of one crop.",
        "34" : "Full Shipmentµ Ship every item."
    },
    "1.6.0" : {
        "35" : "Well readµ Read every book.",
        "36" : "Two Thumbs Upµ See a movie.",
        "37" : "Blue Ribbonµ Get 1st place in the Stardew Valley Fair competition.",
        "38" : "An Unforgettable Soupµ Delight the Governor.",
        "39" : "Good Neighborsµ Help your forest neighbors grow their family.",
        "40" : "A Distant Shoreµ Reach Ginger Island.",
        "41" : "Danger In The Deepµ Reach the bottom of the 'dangerous' mines.",
        "42" : "Infinite Powerµ Obtain the most powerful weapon.",
        "44" : "Perfectionµ Reach the summit."
    }
}