{
    "1.0.0" : {
        "0"  : "Greenhorn",
        "1"  : "Cowpoke",
        "2"  : "Homesteader",
        "3"  : "Millionaire",
        "4"  : "Legend",
        "5"  : "A Complete Collection",
        "6"  : "A New Friend",
        "7"  : "Best Friends",
        "9"  : "The Beloved Farmer",
        "11" : "Cliques",
        "12" : "Networking",
        "13" : "Popular",
        "15" : "Cook",
        "16" : "Sous Chef",
        "17" : "Gourmet Chef",
        "18" : "Moving Up",
        "19" : "Living Large",
        "20" : "DIY",
        "21" : "Artisan",
        "22" : "Craft Master",
        "24" : "Fisherman",
        "25" : "Ol' Mariner",
        "26" : "Master Angler",
        "27" : "Mother Catch",
        "28" : "Treasure Trove",
        "29" : "Gofer",
        "30" : "A Big Help",
        "31" : "Polyculture",
        "32" : "Monoculture",
        "34" : "Full Shipment"
    },
    "1.6.0" : {
        "35" : "Well read",
        "36" : "Two Thumbs Up",
        "37" : "Blue Ribbon",
        "38" : "An Unforgettable Soup",
        "39" : "Good Neighbors",
        "40" : "A Distant Shore",
        "41" : "Danger In The Deep",
        "42" : "Infinite Power",
        "44" : "Perfection"
    }
}