{
    "16"  : "Wild Horseradish",
    "18"  : "Daffodil",
    "20"  : "Leek",
    "22"  : "Dandelion",
    "24"  : "Parsnip",
    "60"  : "Emerald",
    "62"  : "Aquamarine",
    "64"  : "Ruby",
    "66"  : "Amethyst",
    "68"  : "Topaz",
    "70"  : "Jade",
    "72"  : "Diamond",
    "74"  : "Prismatic Shard",
    "78"  : "Cave Carrot",
    "80"  : "Quartz",
    "82"  : "Fire Quartz",
    "84"  : "Frozen Tear",
    "86"  : "Earth Crystal",
    "88"  : "Coconut",
    "90"  : "Cactus Fruit",
    "91"  : "Banana",
    "92"  : "Sap",
    "96"  : "Dwarf Scroll I",
    "97"  : "Dwarf Scroll II",
    "98"  : "Dwarf Scroll III",
    "99"  : "Dwarf Scroll IV",
    "100" : "Chipped Amphora",
    "101" : "Arrowhead",
    "103" : "Ancient Doll",
    "104" : "Elvish Jewelry",
    "105" : "Chewing Stick",
    "106" : "Ornamental Fan",
    "107" : "Dinosaur Egg",
    "108" : "Rare Disc",
    "109" : "Ancient Sword",
    "110" : "Rusty Spoon", 
    "111" : "Rusty Spur",
    "112" : "Rusty Cog",
    "113" : "Chicken Statue",
    "114" : "Ancient Seed",
    "115" : "Prehistoric Tool",
    "116" : "Dried Starfish",
    "117" : "Anchor",
    "118" : "Glass Shards",
    "119" : "Bone Flute",
    "120" : "Prehistoric Handaxe",
    "121" : "Dwarvish Helm",
    "122" : "Dwarf Gadget",
    "123" : "Ancient Drum",
    "124" : "Golden Mask",
    "125" : "Golden Relic",
    "126" : "Strange Doll Green",
    "127" : "Strange Doll Yellow",
    "128" : "Pufferfish",
    "129" : "Anchovy",
    "130" : "Tuna",
    "131" : "Sardine",
    "132" : "Bream",
    "136" : "Largemouth Bass",
    "137" : "Smallmouth Bass",
    "138" : "Rainbow Trout",
    "139" : "Salmon",
    "140" : "Walleye",
    "141" : "Perch",
    "142" : "Carp",
    "143" : "Catfish",
    "144" : "Pike",
    "145" : "Sunfish",
    "146" : "Red Mullet",
    "147" : "Herring",
    "148" : "Eel",
    "149" : "Octopus",
    "150" : "Red Snapper",
    "151" : "Squid",
    "154" : "Sea Cucumber",
    "155" : "Super Cucumber",
    "156" : "Ghostfish",
    "158" : "Stonefish",
    "159" : "Crimsonfish",
    "160" : "Angler",
    "161" : "Ice Pip",
    "162" : "Lava Eel",
    "163" : "Legend",
    "164" : "Sandfish",
    "165" : "Scorpion Carp",
    "174" : "Large Egg (white)",
    "176" : "Egg (white)",
    "180" : "Egg (brown)",
    "182" : "Large Egg (brown)",
    "184" : "Milk",
    "186" : "Large Milk",
    "188" : "Green Bean",
    "190" : "Cauliflower",
    "192" : "Potato",
    "194" : "Fried Egg",
    "195" : "Omelet",
    "196" : "Salad",
    "197" : "Cheese Cauli.",
    "198" : "Baked Fish",
    "199" : "Parsnip Soup",
    "200" : "Vegetable Stew",
    "201" : "Complete Breakfast",
    "202" : "Fried Calamari",
    "203" : "Strange Bun",
    "204" : "Lucky Lunch",
    "205" : "Fried Mushroom",
    "206" : "Pizza",
    "207" : "Bean Hotpot",
    "208" : "Glazed Yams",
    "209" : "Carp Surprise",
    "210" : "Hashbrowns",
    "211" : "Pancakes",
    "212" : "Salmon Dinner",
    "213" : "Fish Taco",
    "214" : "Crispy Bass",
    "215" : "Pepper Poppers",
    "216" : "Bread",
    "218" : "Tom Kha Soup",
    "219" : "Trout Soup",
    "220" : "Chocolate Cake",
    "221" : "Pink Cake",
    "222" : "Rhubarb Pie",
    "223" : "Cookies",
    "224" : "Spaghetti",
    "225" : "Fried Eel",
    "226" : "Spicy Eel",
    "227" : "Sashimi",
    "228" : "Maki Roll",
    "229" : "Tortilla",
    "230" : "Red Plate",
    "231" : "Eggplant Parm.",
    "232" : "Rice Pudding",
    "233" : "Ice Cream",
    "234" : "Blueberry Tart",
    "235" : "Autumn's Bounty",
    "236" : "Pumpkin Soup",
    "237" : "Super Meal",
    "238" : "Cran. Sauce",
    "239" : "Stuffing",
    "240" : "Farmer's Lunch",
    "241" : "Survival Burger",
    "242" : "Dish o' The Sea",
    "243" : "Miner's Treat",
    "244" : "Roots Platter",
    "248" : "Garlic",
    "250" : "Kale",
    "252" : "Rhubarb",
    "253" : "Triple Shot Espresso",
    "254" : "Melon",
    "256" : "Tomato",
    "257" : "Morel",
    "258" : "Blueberry",
    "259" : "Fiddlehead Fern",
    "260" : "Hot Pepper",
    "262" : "Wheat",
    "264" : "Radish ",
    "265" : "Seafoam Pudding",
    "266" : "Red Cabbage",
    "267" : "Flounder",
    "268" : "Starfruit",
    "269" : "Midnight Carp",
    "270" : "Corn",
    "271" : "Unmilled Rice",
    "272" : "Eggplant",
    "274" : "Artichoke",
    "276" : "Pumpkin",
    "278" : "Bok Choy",
    "280" : "Yam",
    "281" : "Chanterelle",
    "282" : "Cranberries",
    "283" : "Holly",
    "284" : "Beet",
    "289" : "Ostrich Egg",
    "296" : "Salmonberry",
    "300" : "Amaranth",
    "303" : "Pale Ale",
    "304" : "Hops",
    "305" : "Void Egg",
    "306" : "Mayonnaise",
    "307" : "Duck Mayonnaise",
    "308" : "Void Mayonnaise",
    "330" : "Clay",
    "334" : "Copper Bar",
    "335" : "Iron Bar",
    "336" : "Gold Bar",
    "337" : "Iridium Bar",
    "338" : "Refined Quartz",
    "340" : "Honey",
    "342" : "Pickles",
    "344" : "Jelly",
    "346" : "Beer",
    "348" : "Wine",
    "350" : "Juice",
    "372" : "Clam",
    "376" : "Poppy",
    "378" : "Copper Ore",
    "380" : "Iron Ore",
    "382" : "Coal",
    "384" : "Gold Ore",
    "386" : "Iridium Ore",
    "388" : "Wood",
    "390" : "Stone",
    "392" : "Nautilus Shell",
    "393" : "Coral",
    "394" : "Rainbow Shell",
    "396" : "Spice Berry",
    "397" : "Sea Urchin",
    "398" : "Grape",
    "399" : "Spring Onion",
    "400" : "Strawberry",
    "402" : "Sweet Pea",
    "404" : "Common Mushroom",
    "406" : "Wild Plum",
    "408" : "Hazelnut",
    "410" : "Blackberry",
    "412" : "Winter Root",
    "414" : "Crystal Fruit",
    "416" : "Snow Yam",
    "417" : "Sweet Gem Berry",
    "418" : "Crocus",
    "420" : "Red Mushroom",
    "421" : "Sunflower",
    "422" : "Purple Mushroom",
    "424" : "Cheese",
    "426" : "Goat Cheese",
    "428" : "Cloth",
    "430" : "Truffle",
    "432" : "Truffle Oil",
    "433" : "Coffee Bean",
    "436" : "Goat Milk",
    "438" : "Large Goat Milk",
    "440" : "Wool",
    "442" : "Duck Egg",
    "444" : "Duck Feather",
    "445" : "Caviar",
    "446" : "Rabbit's Foot",
    "447" : "Aged Roe",
    "454" : "Ancient Fruit",
    "456" : "Algae Soup",
    "457" : "Pale Broth",
    "459" : "Mead",
    "538" : "Alamite",
    "539" : "Bixite",
    "540" : "Baryte",
    "541" : "Aerinite",
    "542" : "Calcite",
    "543" : "Dolomite",
    "544" : "Esperite",
    "545" : "Fluorapatite",
    "546" : "Geminite",
    "547" : "Helvite",
    "548" : "Jamborite",
    "549" : "Jagoite",
    "550" : "Kyanite",
    "551" : "Lunarite",
    "552" : "Malachite",
    "553" : "Neptunite",
    "554" : "Lemon Stone",
    "555" : "Nekoite",
    "556" : "Orpiment",
    "557" : "Petrified Slime",
    "558" : "Thunder Egg",
    "559" : "Pyrite",
    "560" : "Ocean Stone",
    "561" : "Ghost Crystal",
    "562" : "Tigerseye",
    "563" : "Jasper",
    "564" : "Opal",
    "565" : "Fire Opal",
    "566" : "Celestine",
    "567" : "Marble",
    "568" : "Sandstone",
    "569" : "Granite",
    "570" : "Basalt",
    "571" : "Limestone",
    "572" : "Soapstone",
    "573" : "Hematite",
    "574" : "Mudstone",
    "575" : "Obsidian",
    "576" : "Slate",
    "577" : "Fairy Stone",
    "578" : "Star Shards",
    "579" : "Prehistoric Scapula",
    "580" : "Prehistoric Tibia",
    "581" : "Prehistoric Skull",
    "582" : "Skeletal Hand",
    "583" : "Prehistoric Rib",
    "584" : "Prehistoric Vertebra",
    "585" : "Skeletal Tail",
    "586" : "Nautilus Fossil",
    "587" : "Amphibian Fossil",
    "588" : "Palm Fossil",
    "589" : "Trilobite",
    "591" : "Tulip",
    "593" : "Summer Spangle",
    "595" : "Fairy Rose",
    "597" : "Blue Jazz",
    "604" : "Plum Pudding",
    "605" : "Artichoke Dip",
    "606" : "Stir Fry",
    "607" : "Roasted Hazelnuts",
    "608" : "Pumpkin Pie",
    "609" : "Radish Salad",
    "610" : "Fruit Salad",
    "611" : "Blackberry Cobbler",
    "612" : "Cranberry Candy",
    "613" : "Apple",
    "614" : "Green Tea",
    "618" : "Bruschetta",
    "634" : "Apricot",
    "635" : "Orange",
    "636" : "Peach",
    "637" : "Pomegranate",
    "638" : "Cherry",
    "648" : "Coleslaw",
    "649" : "Fiddlehead Risotto",
    "651" : "Poppyseed Muffin",
    "682" : "Mutant Carp",
    "684" : "Bug Meat",
    "698" : "Sturgeon",
    "699" : "Tiger Trout",
    "700" : "Bullhead",
    "701" : "Tilapia",
    "702" : "Chub",
    "704" : "Dorado",
    "705" : "Albacore",
    "706" : "Shad",
    "707" : "Lingcod",
    "708" : "Halibut",
    "709" : "Hardwood",
    "715" : "Lobster",
    "716" : "Crayfish",
    "717" : "Crab",
    "718" : "Cockle",
    "719" : "Mussel",
    "720" : "Shrimp",
    "721" : "Snail",
    "722" : "Periwinkle",
    "723" : "Oyster",
    "724" : "Maple Syrup",
    "725" : "Oak Resin",
    "726" : "Pine Tar",
    "727" : "Chowder",
    "728" : "Fish Stew",
    "729" : "Escargot",
    "730" : "Lobster Bisque",
    "731" : "Maple Bar",
    "732" : "Crab Cakes",
    "733" : "Shrimp Cocktail",
    "734" : "Woodskip",
    "766" : "Slime",
    "767" : "Bat Wing",
    "768" : "Solar Essence",
    "769" : "Void Essence",
    "771" : "Fiber",
    "775" : "Glacierfish",
    "787" : "Battery Pack",
    "795" : "Void Salmon",
    "796" : "Slimejack",
    "798" : "Midnight Squid",
    "799" : "Spook Fish",
    "800" : "Blobfish",
    "807" : "Dinosaur Mayonnaise",
    "812" : "Roe",
    "814" : "Squid Ink",
    "815" : "Tea Leaves",
    "829" : "Ginger",
    "830" : "Taro Root",
    "832" : "Pineapple",
    "834" : "Mango",
    "836" : "Stingray",
    "837" : "Lionfish",
    "838" : "Blue Discus",
    "848" : "Cinder Shard",
    "851" : "Magma Cap",
    "881" : "Bone Fragment",
    "903" : "Ginger Ale",
    "904" : "Banana Pudding",
    "905" : "Mango Sticky Rice",
    "906" : "Poi",
    "907" : "Tropical Curry",
    "909" : "Radioactive Ore",
    "910" : "Radioactive Bar",
    "921" : "Squid Ink Ravioli",

    "100001" : "Summer Squash",
    "100002" : "Broccoli",
    "100003" : "Carrot",
    "100004" : "Powdermelon",
    "100005" : "Smoked Fish",
    "100006" : "Moss",
    "100007" : "Dried Mushrooms",
    "100008" : "Dried Fruit",
    "100009" : "Raisins",
    "100010" : "Mystic Syrup",

    "101000" : "Moss Soup",

    "102000" : "Goby",
    "102001" : "Sea Jelly",
    "102002" : "River Jelly",
    "102003" : "Cave Jelly",

    "103000" : "Price Catalogue",
    "103001" : "Mapping Cave Systems",
    "103002" : "Way Of The Wind pt. 1",
    "103003" : "Way Of The Wind pt. 2",
    "103004" : "Monster Compendium",
    "103005" : "Friendship 101",
    "103006" : "Jack Be Nimble, Jack Be Thick",
    "103007" : "Woody's Secret",
    "103008" : "Raccoon Journal",
    "103009" : "Jewels Of The Sea",
    "103010" : "Dwarvish Safety Manual",
    "103011" : "The Art O' Crabbing",
    "103012" : "The Alleyway Buffet",
    "103013" : "The Diamond Hunter",
    "103014" : "Book of Mysteries",
    "103015" : "Horse: The Book",
    "103016" : "Treasure Appraisal Guide",
    "103017" : "Ol' Slitherlegs",
    "103018" : "Animal Catalogue",

    "105000" : "Bat",
    "105001" : "Big Slime",
    "105002" : "Bug",
    "105003" : "Fly",
    "105004" : "Duggy",
    "105005" : "Dust Spirit",
    "105006" : "Frost Bat",
    "105007" : "Frost Jelly",
    "105008" : "Ghost",
    "105009" : "Green Slime",
    "105010" : "Grub",
    "105011" : "Lava Bat",
    "105012" : "Lava Crab",
    "105013" : "Metal Head",
    "105014" : "Mummy",
    "105015" : "Sludge",
    "105016" : "Rock Crab",
    "105017" : "Serpent",
    "105018" : "Shadow Brute",
    "105019" : "Shadow Shaman",
    "105020" : "Skeleton",
    "105021" : "Squid Kid",
    "105022" : "Stone Golem",
    "105023" : "Wilderness Golem",
    "105024" : "Iridium Bat",
    "105025" : "Carbon Ghost",
    "105026" : "Iridium Crab",
    "105027" : "Haunted Skull",
    "105028" : "Pepper Rex",
    "105029" : "Blue Squid",
    "105030" : "Dwarvish Sentry",
    "105031" : "False Magma Cap",
    "105032" : "Hot Head",
    "105033" : "Lava Lurk",
    "105034" : "Magma Duggy",
    "105035" : "Magma Sparker",
    "105036" : "Magma Sprite",
    "105037" : "Putrid Ghost",
    "105038" : "Shadow Sniper",
    "105039" : "Skeleton Mage",
    "105040" : "Spider",
    "105041" : "Stick Bug",
    "105042" : "Tiger Slime",

    "106000" : "Abigail",
    "106001" : "Alex",
    "106002" : "Caroline",
    "106003" : "Clint",
    "106004" : "Demetrius",
    "106005" : "Dwarf",
    "106006" : "Elliott",
    "106007" : "Emily",
    "106008" : "Evelyn",
    "106009" : "George",
    "106010" : "Gus",
    "106011" : "Haley",
    "106012" : "Harvey",
    "106013" : "Jas",
    "106014" : "Jodi",
    "106015" : "Kent",
    "106016" : "Krobus",
    "106017" : "Leah",
    "106018" : "Lewis",
    "106019" : "Linus",
    "106020" : "Marnie",
    "106021" : "Maru",
    "106022" : "Pam",
    "106023" : "Penny",
    "106024" : "Pierre",
    "106025" : "Robin",
    "106026" : "Sam",
    "106027" : "Sandy",
    "106028" : "Sebastian",
    "106029" : "Shane",
    "106030" : "Vincent",
    "106031" : "Willy",
    "106032" : "Wizard",
    "106033" : "Leo",

    "107000" : "Dwarvish Translation Guide",
    "107001" : "Rusty Key",
    "107002" : "Club Card",
    "107003" : "Skull Key",
    "107004" : "Forest Magic",
    "107005" : "Dark Talisman",
    "107006" : "Magic Ink",
    "107007" : "Special Charm",
    "107008" : "Magnifying Glass",
    "107009" : "Bear's Knowledge",
    "107010" : "Spring Onion Mastery",
    "107011" : "Town Key",

	"108000" : "Cherry Bomb",
	"108001" : "Bomb",
	"108002" : "Mega Bomb",
	"108003" : "Gate",
	"108004" : "Wood Fence",
	"108005" : "Stone Fence",
	"108006" : "Iron Fence",
	"108007" : "Hardwood Fence",
	"108008" : "Sprinkler",
	"108009" : "Quality Sprinkler",
	"108010" : "Iridium Sprinkler",
	"108011" : "Mayonnaise Machine",
	"108012" : "Bee House",
	"108013" : "Preserves Jar",
	"108014" : "Cheese Press",
	"108015" : "Loom",
	"108016" : "Keg",
	"108017" : "Oil Maker",
	"108018" : "Basic Fertilizer",
	"108019" : "Quality Fertilizer",
	"108020" : "Speed-Gro",
	"108021" : "Deluxe Speed-Gro",
	"108022" : "Basic Retaining Soil",
	"108023" : "Quality Retaining Soil",
	"108024" : "Wild Seeds (Sp)",
	"108025" : "Wild Seeds (Su)",
	"108026" : "Wild Seeds (Fa)",
	"108027" : "Wild Seeds (Wi)",
	"108028" : "Ancient Seeds",
	"108029" : "Wood Floor",
	"108030" : "Straw Floor",
	"108031" : "Weathered Floor",
	"108032" : "Crystal Floor",
	"108033" : "Stone Floor",
	"108034" : "Wood Path",
	"108035" : "Gravel Path",
	"108036" : "Stepping Stone Path",
	"108037" : "Crystal Path",
	"108038" : "Spinner",
	"108039" : "Trap Bobber",
	"108040" : "Cork Bobber",
	"108041" : "Treasure Hunter",
	"108042" : "Dressed Spinner",
	"108043" : "Barbed Hook",
	"108044" : "Magnet",
	"108045" : "Bait",
	"108046" : "Wild Bait",
	"108047" : "Crab Pot",
	"108048" : "Sturdy Ring",
	"108049" : "Warrior Ring",
	"108050" : "Ring of Yoba",
	"108051" : "Iridium Band",
	"108052" : "Field Snack",
	"108053" : "Life Elixir",
	"108054" : "Oil Of Garlic",
	"108055" : "Warp Totem: Beach",
	"108056" : "Warp Totem: Mountains",
	"108057" : "Warp Totem: Farm",
	"108058" : "Warp Totem: Desert",
	"108059" : "Rain Totem",
	"108060" : "Torch",
	"108061" : "Campfire",
	"108062" : "Wooden Brazier",
	"108063" : "Stone Brazier",
	"108064" : "Gold Brazier",
	"108065" : "Carved Brazier",
	"108066" : "Stump Brazier",
	"108067" : "Barrel Brazier",
	"108068" : "Skull Brazier",
	"108069" : "Marble Brazier",
	"108070" : "Wood Lamp-post",
	"108071" : "Iron Lamp-post",
	"108072" : "Jack-O-Lantern",
	"108073" : "Charcoal Kiln",
	"108074" : "Crystalarium",
	"108075" : "Furnace",
	"108076" : "Lightning Rod",
	"108077" : "Recycling Machine",
	"108078" : "Seed Maker",
	"108079" : "Slime Incubator",
	"108080" : "Slime Egg-Press",
	"108081" : "Tapper",
	"108082" : "Worm Bin",
	"108083" : "Tub o' Flowers",
	"108084" : "Wicked Statue",
	"108085" : "Flute Block",
	"108086" : "Drum Block",
	"108087" : "Chest",
	"108088" : "Scarecrow",
	"108089" : "Staircase",
	"108090" : "Explosive Ammo",
	"108091" : "Transmute (Fe)",
	"108092" : "Transmute (Au)",
	"108093" : "Cask",
	"108094" : "Garden Pot",
	"108095" : "Stone Sign",
	"108096" : "Wood Sign",
	"108097" : "Wedding Ring",
	"108098" : "Brick Floor",
	"108099" : "Deluxe Scarecrow",
	"108100" : "Grass Starter",
	"108101" : "Mini-Jukebox",
	"108102" : "Tea Sapling",
	"108103" : "Tree Fertilizer",
	"108104" : "Stone Chest",
	"108105" : "Heavy Tapper",
	"108106" : "Farm Computer",
	"108107" : "Hopper",
	"108108" : "Ostrich Incubator",
	"108109" : "Bone Mill",
	"108110" : "Geode Crusher",
	"108111" : "Mini-Obelisk",
	"108112" : "Cookout Kit",
	"108113" : "Dark Sign",
	"108114" : "Solar Panel",
	"108115" : "Fiber Seeds",
	"108116" : "Deluxe Retaining Soil",
	"108117" : "Deluxe Fertilizer",
	"108118" : "Hyper Speed-Gro",
	"108119" : "Rustic Plank Floor",
	"108120" : "Stone Walkway Floor",
	"108121" : "Warp Totem: Island",
	"108122" : "Quality Bobber",
	"108123" : "Bug Steak",
	"108124" : "Monster Musk",
	"108125" : "Thorns Ring",
	"108126" : "Glowstone Ring",
	"108127" : "Fairy Dust",
	"108128" : "Magic Bait",
	"108129" : "Tent Kit",
	"108130" : "Statue Of The Dwarf King",
	"108131" : "Statue Of Blessings",
	"108132" : "Anvil",
	"108133" : "Mini-Forge",
	"108134" : "Big Chest",
	"108135" : "Big Stone Chest",
	"108136" : "Text Sign",
	"108137" : "Deluxe Worm Bin",
	"108138" : "Mushroom Log",
	"108139" : "Challenge Bait",
	"108140" : "Blue Grass Starter",
	"108141" : "Mystic Tree Seed",
	"108142" : "Sonar Bobber",
	"108143" : "Deluxe Bait",
	"108144" : "Treasure Totem",
	"108145" : "Heavy Furnace",
	"108146" : "Fish Smoker",
	"108147" : "Dehydrator",
	"108148" : "Bait Maker"
}