{
    "96"  : "Dwarf Scroll I",
    "97"  : "Dwarf Scroll II",
    "98"  : "Dwarf Scroll III",
    "99"  : "Dwarf Scroll IV",
    "100" : "Chipped Amphora",
    "101" : "Arrowhead",
    "103" : "Ancient Doll",
    "104" : "Elvish Jewelry",
    "105" : "Chewing Stick",
    "106" : "Ornamental Fan",
    "107" : "Dinosaur Egg",
    "108" : "Rare Disc",
    "109" : "Ancient Sword",
    "110" : "Rusty Spoon", 
    "111" : "Rusty Spur",
    "112" : "Rusty Cog",
    "113" : "Chicken Statue",
    "114" : "Ancient Seed",
    "115" : "Prehistoric Tool",
    "116" : "Dried Starfish",
    "117" : "Anchor",
    "118" : "Glass Shards",
    "119" : "Bone Flute",
    "120" : "Prehistoric Handaxe",
    "121" : "Dwarvish Helm",
    "122" : "Dwarf Gadget",
    "123" : "Ancient Drum",
    "124" : "Golden Mask",
    "125" : "Golden Relic",
    "126" : "Strange Doll Green",
    "127" : "Strange Doll Yellow",
    "579" : "Prehistoric Scapula",
    "580" : "Prehistoric Tibia",
    "581" : "Prehistoric Skull",
    "582" : "Skeletal Hand",
    "583" : "Prehistoric Rib",
    "584" : "Prehistoric Vertebra",
    "585" : "Skeletal Tail",
    "586" : "Nautilus Fossil",
    "587" : "Amphibian Fossil",
    "588" : "Palm Fossil",
    "589" : "Trilobite"
}