{
	"1.6.0" : {
		"103000" : "Price Catalogue",
		"103001" : "Mapping Cave Systems",
		"103002" : "Way Of The Wind pt. 1",
		"103003" : "Way Of The Wind pt. 2",
		"103004" : "Monster Compendium",
		"103005" : "Friendship 101",
		"103006" : "Jack Be Nimble, Jack Be Thick",
		"103007" : "Woody's Secret",
		"103008" : "Raccoon Journal",
		"103009" : "Jewels Of The Sea",
		"103010" : "Dwarvish Safety Manual",
		"103011" : "The Art O' Crabbing",
		"103012" : "The Alleyway Buffet",
		"103013" : "The Diamond Hunter",
		"103014" : "Book of Mysteries",
		"103015" : "Horse: The Book",
		"103016" : "Treasure Appraisal Guide",
		"103017" : "Ol' Slitherlegs",
		"103018" : "Animal Catalogue"
	}
}