{
	"1.0.0" : {
		"108000" : "Cherry Bomb",
		"108001" : "Bomb",
		"108002" : "Mega Bomb",
		"108003" : "Gate",
		"108004" : "Wood Fence",
		"108005" : "Stone Fence",
		"108006" : "Iron Fence",
		"108007" : "Hardwood Fence",
		"108008" : "Sprinkler",
		"108009" : "Quality Sprinkler",
		"108010" : "Iridium Sprinkler",
		"108011" : "Mayonnaise Machine",
		"108012" : "Bee House",
		"108013" : "Preserves Jar",
		"108014" : "Cheese Press",
		"108015" : "Loom",
		"108016" : "Keg",
		"108017" : "Oil Maker",
		"108018" : "Basic Fertilizer",
		"108019" : "Quality Fertilizer",
		"108020" : "Speed-Gro",
		"108021" : "Deluxe Speed-Gro",
		"108022" : "Basic Retaining Soil",
		"108023" : "Quality Retaining Soil",
		"108024" : "Wild Seeds (Sp)",
		"108025" : "Wild Seeds (Su)",
		"108026" : "Wild Seeds (Fa)",
		"108027" : "Wild Seeds (Wi)",
		"108028" : "Ancient Seeds",
		"108029" : "Wood Floor",
		"108030" : "Straw Floor",
		"108031" : "Weathered Floor",
		"108032" : "Crystal Floor",
		"108033" : "Stone Floor",
		"108034" : "Wood Path",
		"108035" : "Gravel Path",
		"108036" : "Stepping Stone Path",
		"108037" : "Crystal Path",
		"108038" : "Spinner",
		"108039" : "Trap Bobber",
		"108040" : "Cork Bobber",
		"108041" : "Treasure Hunter",
		"108042" : "Dressed Spinner",
		"108043" : "Barbed Hook",
		"108044" : "Magnet",
		"108045" : "Bait",
		"108046" : "Wild Bait",
		"108047" : "Crab Pot",
		"108048" : "Sturdy Ring",
		"108049" : "Warrior Ring",
		"108050" : "Ring of Yoba",
		"108051" : "Iridium Band",
		"108052" : "Field Snack",
		"108053" : "Life Elixir",
		"108054" : "Oil Of Garlic",
		"108055" : "Warp Totem: Beach",
		"108056" : "Warp Totem: Mountains",
		"108057" : "Warp Totem: Farm",
		"108058" : "Warp Totem: Desert",
		"108059" : "Rain Totem",
		"108060" : "Torch",
		"108061" : "Campfire",
		"108062" : "Wooden Brazier",
		"108063" : "Stone Brazier",
		"108064" : "Gold Brazier",
		"108065" : "Carved Brazier",
		"108066" : "Stump Brazier",
		"108067" : "Barrel Brazier",
		"108068" : "Skull Brazier",
		"108069" : "Marble Brazier",
		"108070" : "Wood Lamp-post",
		"108071" : "Iron Lamp-post",
		"108072" : "Jack-O-Lantern",
		"108073" : "Charcoal Kiln",
		"108074" : "Crystalarium",
		"108075" : "Furnace",
		"108076" : "Lightning Rod",
		"108077" : "Recycling Machine",
		"108078" : "Seed Maker",
		"108079" : "Slime Incubator",
		"108080" : "Slime Egg-Press",
		"108081" : "Tapper",
		"108082" : "Worm Bin",
		"108083" : "Tub o' Flowers",
		"108084" : "Wicked Statue",
		"108085" : "Flute Block",
		"108086" : "Drum Block",
		"108087" : "Chest",
		"108088" : "Scarecrow",
		"108089" : "Staircase",
		"108090" : "Explosive Ammo",
		"108091" : "Transmute (Fe)",
		"108092" : "Transmute (Au)"
	},
	"1.1.0" : {
		"108093" : "Cask"
	},
	"1.3.27" : {
		"108094" : "Garden Pot",
		"108095" : "Stone Sign",
		"108096" : "Wood Sign",
		"108097" : "Wedding Ring"
	},
	"1.4.0" : {
		"108098" : "Brick Floor",
		"108099" : "Deluxe Scarecrow",
		"108100" : "Grass Starter",
		"108101" : "Mini-Jukebox",
		"108102" : "Tea Sapling",
		"108103" : "Tree Fertilizer"
	},
	"1.5.0" : {
		"108104" : "Stone Chest",
		"108105" : "Heavy Tapper",
		"108106" : "Farm Computer",
		"108107" : "Hopper",
		"108108" : "Ostrich Incubator",
		"108109" : "Bone Mill",
		"108110" : "Geode Crusher",
		"108111" : "Mini-Obelisk",
		"108112" : "Cookout Kit",
		"108113" : "Dark Sign",
		"108114" : "Solar Panel",
		"108115" : "Fiber Seeds",
		"108116" : "Deluxe Retaining Soil",
		"108117" : "Deluxe Fertilizer",
		"108118" : "Hyper Speed-Gro",
		"108119" : "Rustic Plank Floor",
		"108120" : "Stone Walkway Floor",
		"108121" : "Warp Totem: Island",
		"108122" : "Quality Bobber",
		"108123" : "Bug Steak",
		"108124" : "Monster Musk",
		"108125" : "Thorns Ring",
		"108126" : "Glowstone Ring",
		"108127" : "Fairy Dust",
		"108128" : "Magic Bait"
	},
	"1.6.0" : {
		"108129" : "Tent Kit",
		"108130" : "Statue Of The Dwarf King",
		"108131" : "Statue Of Blessings",
		"108132" : "Anvil",
		"108133" : "Mini-Forge",
		"108134" : "Big Chest",
		"108135" : "Big Stone Chest",
		"108136" : "Text Sign",
		"108137" : "Deluxe Worm Bin",
		"108138" : "Mushroom Log",
		"108139" : "Challenge Bait",
		"108140" : "Blue Grass Starter",
		"108141" : "Mystic Tree Seed",
		"108142" : "Sonar Bobber",
		"108143" : "Deluxe Bait",
		"108144" : "Treasure Totem",
		"108145" : "Heavy Furnace",
		"108146" : "Fish Smoker",
		"108147" : "Dehydrator",
		"108148" : "Bait Maker"
	}
}