{
	"100001" : "SummerSquash",
	"100002" : "Broccoli",
	"100003" : "Carrot",
	"100004" : "Powdermelon",
	"100005" : "SmokedFish",

	"101000" : "MossSoup",
	
	"102000" : "Goby",
	"102001" : "SeaJelly",
	"102002" : "RiverJelly",
	"102003" : "CaveJelly",

	"103000" : "Book_PriceCatalogue",
	"103001" : "Book_Marlon",
	"103002" : "Book_Speed" ,
	"103003" : "Book_Speed2",
	"103004" : "Book_Void" ,
	"103005" : "Book_Friendship",
	"103006" : "Book_Defense" ,
	"103007" : "Book_Woodcutting",
	"103008" : "Book_WildSeeds",
	"103009" : "Book_Roe",
	"103010" : "Book_Bombs",
	"103011" : "Book_Crabbing",
	"103012" : "Book_Trash",
	"103013" : "Book_Diamonds",
	"103014" : "Book_Mystery",
	"103015" : "Book_Horse",
	"103016" : "Book_Artifact",
	"103017" : "Book_Grass",
	"103018" : "Book_AnimalCatalogue",

	"104000" : "mastery_0",
	"104001" : "mastery_1",
	"104002" : "mastery_2",
	"104003" : "mastery_3",
	"104004" : "mastery_4",

	"105000" : "Bat",
	"105001" : "Big Slime",
	"105002" : "Bug",
	"105003" : "Fly",
	"105004" : "Duggy",
	"105005" : "Dust Spirit",
	"105006" : "Frost Bat",
	"105007" : "Frost Jelly",
	"105008" : "Ghost",
	"105009" : "Green Slime",
	"105010" : "Grub",
	"105011" : "Lava Bat",
	"105012" : "Lava Crab",
	"105013" : "Metal Head",
	"105014" : "Mummy",
	"105015" : "Sludge",
	"105016" : "Rock Crab",
	"105017" : "Serpent",
	"105018" : "Shadow Brute",
	"105019" : "Shadow Shaman",
	"105020" : "Skeleton",
	"105021" : "Squid Kid",
	"105022" : "Stone Golem",
	"105023" : "Wilderness Golem",
	"105024" : "Iridium Bat",
	"105025" : "Carbon Ghost",
	"105026" : "Iridium Crab",
	"105027" : "Haunted Skull",
	"105028" : "Pepper Rex",
	"105029" : "Blue Squid",
	"105030" : "Dwarvish Sentry",
	"105031" : "False Magma Cap",
	"105032" : "Hot Head",
	"105033" : "Lava Lurk",
	"105034" : "Magma Duggy",
	"105035" : "Magma Sparker",
	"105036" : "Magma Sprite",
	"105037" : "Putrid Ghost",
	"105038" : "Shadow Sniper",
	"105039" : "Skeleton Mage",
	"105040" : "Spider",
	"105041" : "Stick Bug",
	"105042" : "Tiger Slime",

	"106000" : "Abigail",
	"106001" : "Alex",
	"106002" : "Caroline",
	"106003" : "Clint",
	"106004" : "Demetrius",
	"106005" : "Dwarf",
	"106006" : "Elliott",
	"106007" : "Emily",
	"106008" : "Evelyn",
	"106009" : "George",
	"106010" : "Gus",
	"106011" : "Haley",
	"106012" : "Harvey",
	"106013" : "Jas",
	"106014" : "Jodi",
	"106015" : "Kent",
	"106016" : "Krobus",
	"106017" : "Leah",
	"106018" : "Lewis",
	"106019" : "Linus",
	"106020" : "Marnie",
	"106021" : "Maru",
	"106022" : "Pam",
	"106023" : "Penny",
	"106024" : "Pierre",
	"106025" : "Robin",
	"106026" : "Sam",
	"106027" : "Sandy",
	"106028" : "Sebastian",
	"106029" : "Shane",
	"106030" : "Vincent",
	"106031" : "Willy",
	"106032" : "Wizard",
	"106033" : "Leo",
	

	"107000" : "Dwarvish Translation Guide",
	"107001" : "Rusty Key",
	"107002" : "Club Card",
	"107003" : "Skull Key",
	"107004" : "Forest Magic",
	"107005" : "Dark Talisman",
	"107006" : "Magic Ink",
	"107007" : "Special Charm",
	"107008" : "Magnifying Glass",
	"107009" : "Bear's Knowledge",
	"107010" : "Spring Onion Mastery",
	"107011" : "Town Key",

	"108000" : "Cherry Bomb",
	"108001" : "Bomb",
	"108002" : "Mega Bomb",
	"108003" : "Gate",
	"108004" : "Wood Fence",
	"108005" : "Stone Fence",
	"108006" : "Iron Fence",
	"108007" : "Hardwood Fence",
	"108008" : "Sprinkler",
	"108009" : "Quality Sprinkler",
	"108010" : "Iridium Sprinkler",
	"108011" : "Mayonnaise Machine",
	"108012" : "Bee House",
	"108013" : "Preserves Jar",
	"108014" : "Cheese Press",
	"108015" : "Loom",
	"108016" : "Keg",
	"108017" : "Oil Maker",
	"108018" : "Basic Fertilizer",
	"108019" : "Quality Fertilizer",
	"108020" : "Speed-Gro",
	"108021" : "Deluxe Speed-Gro",
	"108022" : "Basic Retaining Soil",
	"108023" : "Quality Retaining Soil",
	"108024" : "Spring Seeds",
	"108025" : "Summer Seeds",
	"108026" : "Fall Seeds",
	"108027" : "Winter Seeds",
	"108028" : "Ancient Seeds",
	"108029" : "Wood Floor",
	"108030" : "Straw Floor",
	"108031" : "Weathered Floor",
	"108032" : "Crystal Floor",
	"108033" : "Stone Floor",
	"108034" : "Wood Path",
	"108035" : "Gravel Path",
	"108036" : "Stepping Stone Path",
	"108037" : "Crystal Path",
	"108038" : "Spinner",
	"108039" : "Trap Bobber",
	"108040" : "Cork Bobber",
	"108041" : "Treasure Hunter",
	"108042" : "Dressed Spinner",
	"108043" : "Barbed Hook",
	"108044" : "Magnet",
	"108045" : "Bait",
	"108046" : "Wild Bait",
	"108047" : "Crab Pot",
	"108048" : "Sturdy Ring",
	"108049" : "Warrior Ring",
	"108050" : "Ring of Yoba",
	"108051" : "Iridium Ring",
	"108052" : "Field Snack",
	"108053" : "Life Elixir",
	"108054" : "Oil of Garlic",
	"108055" : "Warp Totem: Beach",
	"108056" : "Warp Totem: Mountains",
	"108057" : "Warp Totem: Farm",
	"108058" : "Warp Totem: Desert",
	"108059" : "Rain Totem",
	"108060" : "Torch",
	"108061" : "Campfire",
	"108062" : "Wooden Brazier",
	"108063" : "Stone Brazier",
	"108064" : "Gold Brazier",
	"108065" : "Carved Brazier",
	"108066" : "Stump Brazier",
	"108067" : "Barrel Brazier",
	"108068" : "Skull Brazier",
	"108069" : "Marble Brazier",
	"108070" : "Wood Lamp-post",
	"108071" : "Iron Lamp-post",
	"108072" : "Jack-O-Lantern",
	"108073" : "Charcoal Kiln",
	"108074" : "Crystalarium",
	"108075" : "Furnace",
	"108076" : "Lightning Rod",
	"108077" : "Recycling Machine",
	"108078" : "Seed Maker",
	"108079" : "Slime Incubator",
	"108080" : "Slime Egg-Press",
	"108081" : "Tapper",
	"108082" : "Worm Bin",
	"108083" : "Tub o' Flowers",
	"108084" : "Wicked Statue",
	"108085" : "Flute Block",
	"108086" : "Drum Block",
	"108087" : "Chest",
	"108088" : "Scarecrow",
	"108089" : "Staircase",
	"108090" : "Explosive Ammo",
	"108091" : "Iron Bar",
	"108092" : "Gold Bar",
	"108093" : "Cask",
	"108094" : "Garden Pot",
	"108095" : "Stone Sign",
	"108096" : "Wood Sign",
	"108097" : "Wedding Ring",
	"108098" : "Brick Floor",
	"108099" : "Deluxe Scarecrow",
	"108100" : "Grass Starter",
	"108101" : "Mini-Jukebox",
	"108102" : "Tea Sapling",
	"108103" : "Tree Fertilizer",
	"108104" : "Stone Chest",
	"108105" : "Heavy Tapper",
	"108106" : "Farm Computer",
	"108107" : "Hopper",
	"108108" : "Ostrich Incubator",
	"108109" : "Bone Mill",
	"108110" : "Geode Crusher",
	"108111" : "Mini-Obelisk",
	"108112" : "Cookout Kit",
	"108113" : "Dark Sign",
	"108114" : "Solar Panel",
	"108115" : "Fiber Seeds",
	"108116" : "Deluxe Retaining Soil",
	"108117" : "Deluxe Fertilizer",
	"108118" : "Hyper Speed-Gro",
	"108119" : "Rustic Plank Floor",
	"108120" : "Stone Walkway Floor",
	"108121" : "Warp Totem: Island",
	"108122" : "Quality Bobber",
	"108123" : "Bug Steak",
	"108124" : "Monster Musk",
	"108125" : "Thorns Ring",
	"108126" : "Glowstone Ring",
	"108127" : "Fairy Dust",
	"108128" : "Magic Bait",
	"108129" : "Tent Kit",
	"108130" : "Statue Of The Dwarf King",
	"108131" : "Statue Of Blessings",
	"108132" : "Anvil",
	"108133" : "Mini-Forge",
	"108134" : "Big Chest",
	"108135" : "Big Stone Chest",
	"108136" : "Text Sign",
	"108137" : "Deluxe Worm Bin",
	"108138" : "Mushroom Log",
	"108139" : "Challenge Bait",
	"108140" : "Blue Grass Starter",
	"108141" : "Mystic Tree Seed",
	"108142" : "Sonar Bobber",
	"108143" : "Deluxe Bait",
	"108144" : "Treasure Totem",
	"108145" : "Heavy Furnace",
	"108146" : "Fish Smoker",
	"108147" : "Dehydrator",
	"108148" : "Bait Maker",

	"109001" : "Egg Festival",
	"109002" : "Flower Dance",
	"109003" : "Luau",
	"109004" : "Dance of the Moonlight Jellies",
	"109005" : "Stardew Valley Fair",
	"109006" : "Spirit's Eve",
	"109007" : "Festival of Ice",
	"109008" : "Feast of the Winter Star",
	"109009" : "Night Market",
	"109010" : "Desert Festival",
	"109011" : "Trout Derby",
	"109012" : "SquidFest"
}