{
    "1.0.0" : {
        "105000" : "Bat",
        "105001" : "Big Slime",
        "105002" : "Bug",
        "105003" : "Fly",
        "105004" : "Duggy",
        "105005" : "Dust Spirit",
        "105006" : "Frost Bat",
        "105007" : "Frost Jelly",
        "105008" : "Ghost",
        "105009" : "Green Slime",
        "105010" : "Grub",
        "105011" : "Lava Bat",
        "105012" : "Lava Crab",
        "105013" : "Metal Head",
        "105014" : "Mummy",
        "105015" : "Sludge",
        "105016" : "Rock Crab",
        "105017" : "Serpent",
        "105018" : "Shadow Brute",
        "105019" : "Shadow Shaman",
        "105020" : "Skeleton",
        "105021" : "Squid Kid",
        "105022" : "Stone Golem"
    },
    "1.1.0" : {
        "105023" : "Wilderness Golem"
    },
    "1.3.0" : {
        "105024" : "Iridium Bat"
    },
    "1.3.27" : {
        "105025"  : "Carbon Ghost",
        "105026" : "Iridium Crab"
    },
    "1.4.0" : {
        "105027" : "Haunted Skull",
        "105028" : "Pepper Rex"
    },
    "1.5.0" : {
        "105029" : "Blue Squid",
        "105030" : "Dwarvish Sentry",
        "105031" : "False Magma Cap",
        "105032" : "Hot Head",
        "105033" : "Lava Lurk",
        "105034" : "Magma Duggy",
        "105035" : "Magma Sparker",
        "105036" : "Magma Sprite",
        "105037" : "Putrid Ghost",
        "105038" : "Shadow Sniper",
        "105039" : "Skeleton Mage",
        "105040" : "Spider",
        "105041" : "Stick Bug",
        "105042" : "Tiger Slime"
    }
}