{
	"60"  : "Emerald",
	"62"  : "Aquamarine",
	"64"  : "Ruby",
	"66"  : "Amethyst",
	"68"  : "Topaz",
	"70"  : "Jade",
	"72"  : "Diamond",
	"74"  : "Prismatic Shard",
	"80"  : "Quartz",
	"82"  : "Fire Quartz",
	"84"  : "Frozen Tear",
	"86"  : "Earth Crystal",
	"538" : "Alamite",
	"539" : "Bixite",
	"540" : "Baryte",
	"541" : "Aerinite",
	"542" : "Calcite",
	"543" : "Dolomite",
	"544" : "Esperite",
	"545" : "Fluorapatite",
	"546" : "Geminite",
	"547" : "Helvite",
	"548" : "Jamborite",
	"549" : "Jagoite",
	"550" : "Kyanite",
	"551" : "Lunarite",
	"552" : "Malachite",
	"553" : "Neptunite",
	"554" : "Lemon Stone",
	"555" : "Nekoite",
	"556" : "Orpiment",
	"557" : "Petrified Slime",
	"558" : "Thunder Egg",
	"559" : "Pyrite",
	"560" : "Ocean Stone",
	"561" : "Ghost Crystal",
	"562" : "Tigerseye",
	"563" : "Jasper",
	"564" : "Opal",
	"565" : "Fire Opal",
	"566" : "Celestine",
	"567" : "Marble",
	"568" : "Sandstone",
	"569" : "Granite",
	"570" : "Basalt",
	"571" : "Limestone",
	"572" : "Soapstone",
	"573" : "Hematite",
	"574" : "Mudstone",
	"575" : "Obsidian",
	"576" : "Slate",
	"577" : "Fairy Stone",
	"578" : "Star Shards"
}