{
    "194" : "Fried Egg",
    "195" : "Omelet",
    "196" : "Salad",
    "197" : "Cheese Cauliflower",
    "198" : "Baked Fish",
    "199" : "Parsnip Soup",
    "200" : "Vegetable Medley",
    "201" : "Complete Breakfast",
    "202" : "Fried Calamari",
    "203" : "Strange Bun",
    "204" : "Lucky Lunch",
    "205" : "Fried Mushroom",
    "206" : "Pizza",
    "207" : "Bean Hotpot",
    "208" : "Glazed Yams",
    "209" : "Carp Surprise",
    "210" : "Hashbrowns",
    "211" : "Pancakes",
    "212" : "Salmon Dinner",
    "213" : "Fish Taco",
    "214" : "Crispy Bass",
    "215" : "Pepper Poppers",
    "216" : "Bread",
    "218" : "Tom Kha Soup",
    "219" : "Trout Soup",
    "220" : "Chocolate Cake",
    "221" : "Pink Cake",
    "222" : "Rhubarb Pie",
    "223" : "Cookie",
    "224" : "Spaghetti",
    "225" : "Fried Eel",
    "226" : "Spicy Eel",
    "227" : "Sashimi",
    "228" : "Maki Roll",
    "229" : "Tortilla",
    "230" : "Red Plate",
    "231" : "Eggplant Parmesan",
    "232" : "Rice Pudding",
    "233" : "Ice Cream",
    "234" : "Blueberry Tart ",
    "235" : "Autumn's Bounty",
    "236" : "Pumpkin Soup",
    "237" : "Super Meal",
    "238" : "Cranberry Sauce",
    "239" : "Stuffing",
    "240" : "Farmer's Lunch",
    "241" : "Survival Burger",
    "242" : "Dish o' The Sea",
    "243" : "Miner's Treat",
    "244" : "Roots Platter",
    "253" : "Triple Shot Espresso",
    "265" : "Seafoam Pudding",
    "456" : "Algae Soup",
    "457" : "Pale Broth",
    "604" : "Plum Pudding",
    "605" : "Artichoke Dip",
    "606" : "Stir Fry",
    "607" : "Roasted Hazelnuts",
    "608" : "Pumpkin Pie",
    "609" : "Radish Salad",
    "610" : "Fruit Salad",
    "611" : "Blackberry Cobbler",
    "612" : "Cranberry Candy",
    "618" : "Bruschetta",
    "648" : "Coleslaw",
    "649" : "Fiddlehead Risotto",
    "651" : "Poppyseed Muffin",
    "727" : "Chowder",
    "728" : "Fish Stew",
    "729" : "Escargot",
    "730" : "Lobster Bisque",
    "731" : "Maple Bar",
    "732" : "Crab Cakes",
    "733" : "Shrimp Cocktail",
    "903" : "Ginger Ale",
    "904" : "Banana Pudding",
    "905" : "Mango Sticky Rice",
    "906" : "Poi",
    "907" : "Tropical Curry",
    "921" : "Squid Ink Ravioli"
}