{
    "0": {
        "skill": "Rancher",
        "description": "Animal products worth 20% more.",
        "source" : "Farming"
    },
    "1": {
        "skill": "Tiller",
        "description": "Crops worth 10% more.",
        "source" : "Farming"
    },
    "2": {
        "skill": "Coopmaster",
        "description": "Befriend coop animals quicker. Incubation time (for Incubator and Ostrich Incubator) cut in half.",
        "source" : "Farming"
    },
    "3": {
        "skill": "Shepherd",
        "description": "Befriend barn animals quicker. Sheep produce wool faster.",
        "source" : "Farming"
    },
    "4": {
        "skill": "Artisan",
        "description": "Artisan goods (wine, cheese, oil, etc.) worth 40% more.",
        "source" : "Farming"
    },
    "5": {
        "skill": "Agriculturist",
        "description": "All crops grow 10% faster.",
        "source" : "Farming"
    },


    "6": {
        "skill": "Fisher",
        "description": "Fish worth 25% more.",
        "source" : "Fishing"
    },
    "7": {
        "skill": "Trapper",
        "description": "Resources required to craft crab pots reduced.",
        "source" : "Fishing"
    },
    "8": {
        "skill": "Angler",
        "description": "Fish worth 50% more.",
        "source" : "Fishing"
    },
    "9": {
        "skill": "Pirate",
        "description": "Chance to find treasure doubled.",
        "source" : "Fishing"
    },
    "10": {
        "skill": "Mariner",
        "description": "Crab pots no longer produce junk items.",
        "source" : "Fishing"
    },
    "11": {
        "skill": "Luremaster",
        "description": "Crab pots no longer require bait.",
        "source" : "Fishing"
    },



    "12": {
        "skill": "Forester",
        "description": "Trees drop 25% more wood. (Applies to Trees, Stumps & Logs)",
        "source" : "Foraging"
    },
    "13": {
        "skill": "Gatherer",
        "description": "Chance for double harvest of foraged items. (20% chance of double harvest)",
        "source" : "Foraging"
    },
    "14": {
        "skill": "Lumberjack",
        "description": "All trees have a chance to drop hardwood.",
        "source" : "Foraging"
    },
    "15" : {
        "skill": "Tapper",
        "description": "Syrups worth 25% more.",
        "source" : "Foraging"
    },
    "16": {
        "skill": "Botanist",
        "description": "Foraged items are always highest quality.",
        "source" : "Foraging"
    },
    "17": {
        "skill": "Tracker",
        "description": "Location of forageable items revealed.",
        "source" : "Foraging"
    },



    "18": {
        "skill": "Miner",
        "description": "+1 ore per vein.",
        "source" : "Mining"
    },
    "19": {
        "skill": "Geologist",
        "description": "Chance for gems to appear in pairs. (50% chance per mining node. Also applies to geodes spawned from breaking rocks.)",
        "source" : "Mining"
    },
    "20": {
        "skill": "Blacksmith",
        "description": "Metal bars worth 50% more. (Applies to Copper, Iron, Gold, Iridium, & Radioactive Bars)",
        "source" : "Mining"
    },
    "21": {
        "skill": "Prospector",
        "description": "Chance to find coal doubled.",
        "source" : "Mining"
    },
    "22": {
        "skill": "Excavator",
        "description": "Chance to find geodes doubled. (Applies to all 4 types of geodes)",
        "source" : "Mining"
    },
    "23": {
        "skill": "Gemologist",
        "description": "Gems worth 30% more. (applies to Minerals and Gems)",
        "source" : "Mining"
    },



    "24": {
        "skill": "Fighter",
        "description": "All attacks deal 10% more damage.",
        "source" : "Combat"
    },
    "25": {
        "skill": "Scout",
        "description": "Critical strike chance increased by 50%.",
        "source" : "Combat"
    },
    "26": {
        "skill": "Brute",
        "description": "Deal 15% more damage.",
        "source" : "Combat"
    },
    "27": {
        "skill": "Defender",
        "description": "+25 HP.",
        "source" : "Combat"
    },
    "28": {
        "skill": "Acrobat",
        "description": "Cooldown on special moves cut in half.",
        "source" : "Combat"
    },
    "29": {
        "skill": "Desperado",
        "description": "Critical strikes are deadlier.",
        "source" : "Combat"
    }
}