{
    "1.0.0" : {
        "106000" : "Abigail",
        "106001" : "Alex",
        "106002" : "Caroline",
        "106003" : "Clint",
        "106004" : "Demetrius",
        "106005" : "Dwarf",
        "106006" : "Elliott",
        "106007" : "Emily",
        "106008" : "Evelyn",
        "106009" : "George",
        "106010" : "Gus",
        "106011" : "Haley",
        "106012" : "Harvey",
        "106013" : "Jas",
        "106014" : "Jodi",
        "106015" : "Kent",
        "106016" : "Krobus",
        "106017" : "Leah",
        "106018" : "Lewis",
        "106019" : "Linus",
        "106020" : "Marnie",
        "106021" : "Maru",
        "106022" : "Pam",
        "106023" : "Penny",
        "106024" : "Pierre",
        "106025" : "Robin",
        "106026" : "Sam",
        "106027" : "Sandy",
        "106028" : "Sebastian",
        "106029" : "Shane",
        "106030" : "Vincent",
        "106031" : "Willy",
        "106032" : "Wizard"
    },
    "1.5.0" : {
        "106033" : "Leo"
    }
}