{
	"1.0.0" : {
		"106000" : "13/fall",
		"106001" : "13/summer",
		"106002" : "7/winter",
		"106003" : "26/winter",
		"106004" : "19/summer",
		"106005" : "22/summer",
		"106006" : "9/summer",
		"106007" : "27/spring",
		"106008" : "20/winter",
		"106009" : "24/fall",
		"106010" : "8/summer",
		"106011" : "14/spring",
		"106012" : "14/winter",
		"106013" : "4/summer",
		"106014" : "11/fall",
		"106015" : "4/spring",
		"106016" : "1/winter",
		"106017" : "23/winter",
		"106018" : "7/spring",
		"106019" : "3/winter",
		"106020" : "18/fall",
		"106021" : "10/summer",
		"106022" : "18/spring",
		"106023" : "2/fall",
		"106024" : "26/spring",
		"106025" : "21/fall",
		"106026" : "17/summer",
		"106027" : "15/fall",
		"106028" : "10/winter",
		"106029" : "20/spring",
		"106030" : "10/spring",
		"106031" : "24/summer",
		"106032" : "17/winter",
		"106033" : "26/summer"
	}
}