{
    "16"  : "https://stardewvalleywiki.com/Wild_Horseradish",
    "18"  : "https://stardewvalleywiki.com/Daffodil",
    "20"  : "https://stardewvalleywiki.com/Leek",
    "22"  : "https://stardewvalleywiki.com/Dandelion",
    "24"  : "https://stardewvalleywiki.com/Parsnip",
    "60"  : "https://stardewvalleywiki.com/Emerald",
    "62"  : "https://stardewvalleywiki.com/Aquamarine",
    "64"  : "https://stardewvalleywiki.com/Ruby",
    "66"  : "https://stardewvalleywiki.com/Amethyst",
    "68"  : "https://stardewvalleywiki.com/Topaz",
    "70"  : "https://stardewvalleywiki.com/Jade",
    "72"  : "https://stardewvalleywiki.com/Diamond",
    "74"  : "https://stardewvalleywiki.com/Prismatic_Shard",
    "78"  : "https://stardewvalleywiki.com/Cave_Carrot",
    "80"  : "https://stardewvalleywiki.com/Quartz",
    "82"  : "https://stardewvalleywiki.com/Fire_Quartz",
    "84"  : "https://stardewvalleywiki.com/Frozen_Tear",
    "86"  : "https://stardewvalleywiki.com/Earth_Crystal",
    "88"  : "https://stardewvalleywiki.com/Coconut",
    "90"  : "https://stardewvalleywiki.com/Cactus_Fruit",
    "91"  : "https://stardewvalleywiki.com/Banana",
    "92"  : "https://stardewvalleywiki.com/Sap",
    "96"  : "https://stardewvalleywiki.com/Dwarf_Scroll_I",
    "97"  : "https://stardewvalleywiki.com/Dwarf_Scroll_II",
    "98"  : "https://stardewvalleywiki.com/Dwarf_Scroll_III",
    "99"  : "https://stardewvalleywiki.com/Dwarf_Scroll_IV",
    "100" : "https://stardewvalleywiki.com/Chipped_Amphora",
    "101" : "https://stardewvalleywiki.com/Arrowhead",
    "103" : "https://stardewvalleywiki.com/Ancient_Doll",
    "104" : "https://stardewvalleywiki.com/Elvish_Jewelry",
    "105" : "https://stardewvalleywiki.com/Chewing_Stick",
    "106" : "https://stardewvalleywiki.com/Ornamental_Fan",
    "107" : "https://stardewvalleywiki.com/Dinosaur_Egg",
    "108" : "https://stardewvalleywiki.com/Rare_Disc",
    "109" : "https://stardewvalleywiki.com/Ancient_Sword",
    "110" : "https://stardewvalleywiki.com/Rusty_Spoon",
    "111" : "https://stardewvalleywiki.com/Rusty_Spur",
    "112" : "https://stardewvalleywiki.com/Rusty_Cog",
    "113" : "https://stardewvalleywiki.com/Chicken_Statue",
    "114" : "https://stardewvalleywiki.com/Ancient_Seed",
    "115" : "https://stardewvalleywiki.com/Prehistoric_Tool",
    "116" : "https://stardewvalleywiki.com/Dried_Starfish",
    "117" : "https://stardewvalleywiki.com/Anchor",
    "118" : "https://stardewvalleywiki.com/Glass_Shards",
    "119" : "https://stardewvalleywiki.com/Bone_Flute",
    "120" : "https://stardewvalleywiki.com/Prehistoric_Handaxe",
    "121" : "https://stardewvalleywiki.com/Dwarvish_Helm",
    "122" : "https://stardewvalleywiki.com/Dwarf_Gadget",
    "123" : "https://stardewvalleywiki.com/Ancient_Drum",
    "124" : "https://stardewvalleywiki.com/Golden_Mask",
    "125" : "https://stardewvalleywiki.com/Golden_Relic",
    "126" : "https://stardewvalleywiki.com/Strange_Doll_(green)",
    "127" : "https://stardewvalleywiki.com/Strange_Doll_(yellow)",
    "128" : "https://stardewvalleywiki.com/Pufferfish",
    "129" : "https://stardewvalleywiki.com/Anchovy",
    "130" : "https://stardewvalleywiki.com/Tuna",
    "131" : "https://stardewvalleywiki.com/Sardine",
    "132" : "https://stardewvalleywiki.com/Bream",
    "136" : "https://stardewvalleywiki.com/Largemouth_Bass",
    "137" : "https://stardewvalleywiki.com/Smallmouth_Bass",
    "138" : "https://stardewvalleywiki.com/Rainbow_Trout",
    "139" : "https://stardewvalleywiki.com/Salmon",
    "140" : "https://stardewvalleywiki.com/Walleye",
    "141" : "https://stardewvalleywiki.com/Perch",
    "142" : "https://stardewvalleywiki.com/Carp",
    "143" : "https://stardewvalleywiki.com/Catfish",
    "144" : "https://stardewvalleywiki.com/Pike",
    "145" : "https://stardewvalleywiki.com/Sunfish",
    "146" : "https://stardewvalleywiki.com/Red_Mullet",
    "147" : "https://stardewvalleywiki.com/Herring",
    "148" : "https://stardewvalleywiki.com/Eel",
    "149" : "https://stardewvalleywiki.com/Octopus",
    "150" : "https://stardewvalleywiki.com/Red_Snapper",
    "151" : "https://stardewvalleywiki.com/Squid",
    "154" : "https://stardewvalleywiki.com/Sea_Cucumber",
    "155" : "https://stardewvalleywiki.com/Super_Cucumber",
    "156" : "https://stardewvalleywiki.com/Ghostfish",
    "158" : "https://stardewvalleywiki.com/Stonefish",
    "159" : "https://stardewvalleywiki.com/Crimsonfish",
    "160" : "https://stardewvalleywiki.com/Angler",
    "161" : "https://stardewvalleywiki.com/Ice_Pip",
    "162" : "https://stardewvalleywiki.com/Lava_Eel",
    "163" : "https://stardewvalleywiki.com/Legend",
    "164" : "https://stardewvalleywiki.com/Sandfish",
    "165" : "https://stardewvalleywiki.com/Scorpion_Carp",
    "174" : "https://stardewvalleywiki.com/Large_Egg",
    "176" : "https://stardewvalleywiki.com/Egg",
    "180" : "https://stardewvalleywiki.com/Egg",
    "182" : "https://stardewvalleywiki.com/Large_Egg",
    "184" : "https://stardewvalleywiki.com/Milk",
    "186" : "https://stardewvalleywiki.com/Large_Milk",
    "188" : "https://stardewvalleywiki.com/Green_Bean",
    "190" : "https://stardewvalleywiki.com/Cauliflower",
    "192" : "https://stardewvalleywiki.com/Potato",
    "194" : "https://stardewvalleywiki.com/Fried_Egg",
    "195" : "https://stardewvalleywiki.com/Omelet",
    "196" : "https://stardewvalleywiki.com/Salad",
    "197" : "https://stardewvalleywiki.com/Cheese_Cauliflower",
    "198" : "https://stardewvalleywiki.com/Baked_Fish",
    "199" : "https://stardewvalleywiki.com/Parsnip_Soup",
    "200" : "https://stardewvalleywiki.com/Vegetable_Medley",
    "201" : "https://stardewvalleywiki.com/Complete_Breakfast",
    "202" : "https://stardewvalleywiki.com/Fried_Calamari",
    "203" : "https://stardewvalleywiki.com/Strange_Bun",
    "204" : "https://stardewvalleywiki.com/Lucky_Lunch",
    "205" : "https://stardewvalleywiki.com/Fried_Mushroom",
    "206" : "https://stardewvalleywiki.com/Pizza",
    "207" : "https://stardewvalleywiki.com/Bean_Hotpot",
    "208" : "https://stardewvalleywiki.com/Glazed_Yams",
    "209" : "https://stardewvalleywiki.com/Carp_Surprise",
    "210" : "https://stardewvalleywiki.com/Hashbrowns",
    "211" : "https://stardewvalleywiki.com/Pancakes",
    "212" : "https://stardewvalleywiki.com/Salmon_Dinner",
    "213" : "https://stardewvalleywiki.com/Fish_Taco",
    "214" : "https://stardewvalleywiki.com/Crispy_Bass",
    "215" : "https://stardewvalleywiki.com/Pepper_Poppers",
    "216" : "https://stardewvalleywiki.com/Bread",
    "218" : "https://stardewvalleywiki.com/Tom_Kha_Soup",
    "219" : "https://stardewvalleywiki.com/Trout_Soup",
    "220" : "https://stardewvalleywiki.com/Chocolate_Cake",
    "221" : "https://stardewvalleywiki.com/Pink_Cake",
    "222" : "https://stardewvalleywiki.com/Rhubarb_Pie",
    "223" : "https://stardewvalleywiki.com/Cookie",
    "224" : "https://stardewvalleywiki.com/Spaghetti",
    "225" : "https://stardewvalleywiki.com/Fried_Eel",
    "226" : "https://stardewvalleywiki.com/Spicy_Eel",
    "227" : "https://stardewvalleywiki.com/Sashimi",
    "228" : "https://stardewvalleywiki.com/Maki_Roll",
    "229" : "https://stardewvalleywiki.com/Tortilla",
    "230" : "https://stardewvalleywiki.com/Red_Plate",
    "231" : "https://stardewvalleywiki.com/Eggplant_Parmesan",
    "232" : "https://stardewvalleywiki.com/Rice_Pudding",
    "233" : "https://stardewvalleywiki.com/Ice_Cream",
    "234" : "https://stardewvalleywiki.com/Blueberry_Tart",
    "235" : "https://stardewvalleywiki.com/Autumn's_Bounty",
    "236" : "https://stardewvalleywiki.com/Pumpkin_Soup",
    "237" : "https://stardewvalleywiki.com/Super_Meal",
    "238" : "https://stardewvalleywiki.com/Cranberry_Sauce",
    "239" : "https://stardewvalleywiki.com/Stuffing",
    "240" : "https://stardewvalleywiki.com/Farmer's_Lunch",
    "241" : "https://stardewvalleywiki.com/Survival_Burger",
    "242" : "https://stardewvalleywiki.com/Dish_O'_The_Sea",
    "243" : "https://stardewvalleywiki.com/Miner's_Treat",
    "244" : "https://stardewvalleywiki.com/Roots_Platter",
    "248" : "https://stardewvalleywiki.com/Garlic",
    "250" : "https://stardewvalleywiki.com/Kale",
    "252" : "https://stardewvalleywiki.com/Rhubarb",
    "253" : "https://stardewvalleywiki.com/Triple_Shot_Espresso",
    "254" : "https://stardewvalleywiki.com/Melon",
    "256" : "https://stardewvalleywiki.com/Tomato",
    "257" : "https://stardewvalleywiki.com/Morel",
    "258" : "https://stardewvalleywiki.com/Blueberry",
    "259" : "https://stardewvalleywiki.com/Fiddlehead_Fern",
    "260" : "https://stardewvalleywiki.com/Hot_Pepper",
    "262" : "https://stardewvalleywiki.com/Wheat",
    "264" : "https://stardewvalleywiki.com/Radish",
    "265" : "https://stardewvalleywiki.com/Seafoam_Pudding",
    "266" : "https://stardewvalleywiki.com/Red_Cabbage",
    "267" : "https://stardewvalleywiki.com/Flounder",
    "268" : "https://stardewvalleywiki.com/Starfruit",
    "269" : "https://stardewvalleywiki.com/Midnight_Carp",
    "270" : "https://stardewvalleywiki.com/Corn",
    "271" : "https://stardewvalleywiki.com/Unmilled_Rice",
    "272" : "https://stardewvalleywiki.com/Eggplant",
    "274" : "https://stardewvalleywiki.com/Artichoke",
    "276" : "https://stardewvalleywiki.com/Pumpkin",
    "278" : "https://stardewvalleywiki.com/Bok_Choy",
    "280" : "https://stardewvalleywiki.com/Yam",
    "281" : "https://stardewvalleywiki.com/Chanterelle",
    "282" : "https://stardewvalleywiki.com/Cranberries",
    "283" : "https://stardewvalleywiki.com/Holly",
    "284" : "https://stardewvalleywiki.com/Beet",
    "289" : "https://stardewvalleywiki.com/Ostrich_Egg",
    "296" : "https://stardewvalleywiki.com/Salmonberry",
    "300" : "https://stardewvalleywiki.com/Amaranth",
    "303" : "https://stardewvalleywiki.com/Pale_Ale",
    "304" : "https://stardewvalleywiki.com/Hops",
    "305" : "https://stardewvalleywiki.com/Void_Egg",
    "306" : "https://stardewvalleywiki.com/Mayonnaise",
    "307" : "https://stardewvalleywiki.com/Duck_Mayonnaise",
    "308" : "https://stardewvalleywiki.com/Void_Mayonnaise",
    "330" : "https://stardewvalleywiki.com/Clay",
    "334" : "https://stardewvalleywiki.com/Copper_Bar",
    "335" : "https://stardewvalleywiki.com/Iron_Bar",
    "336" : "https://stardewvalleywiki.com/Gold_Bar",
    "337" : "https://stardewvalleywiki.com/Iridium_Bar",
    "338" : "https://stardewvalleywiki.com/Refined_Quartz",
    "340" : "https://stardewvalleywiki.com/Honey",
    "342" : "https://stardewvalleywiki.com/Jellies_and_Pickles",
    "344" : "https://stardewvalleywiki.com/Jellies_and_Pickles",
    "346" : "https://stardewvalleywiki.com/Beer",
    "348" : "https://stardewvalleywiki.com/Wine",
    "350" : "https://stardewvalleywiki.com/Juice",
    "372" : "https://stardewvalleywiki.com/Clam",
    "376" : "https://stardewvalleywiki.com/Poppy",
    "378" : "https://stardewvalleywiki.com/Copper_Ore",
    "380" : "https://stardewvalleywiki.com/Iron_Ore",
    "382" : "https://stardewvalleywiki.com/Coal",
    "384" : "https://stardewvalleywiki.com/Gold_Ore",
    "386" : "https://stardewvalleywiki.com/Iridium_Ore",
    "388" : "https://stardewvalleywiki.com/Wood",
    "390" : "https://stardewvalleywiki.com/Stone",
    "392" : "https://stardewvalleywiki.com/Nautilus_Shell",
    "393" : "https://stardewvalleywiki.com/Coral",
    "394" : "https://stardewvalleywiki.com/Rainbow_Shell",
    "396" : "https://stardewvalleywiki.com/Spice_Berry",
    "397" : "https://stardewvalleywiki.com/Sea_Urchin",
    "398" : "https://stardewvalleywiki.com/Grape",
    "399" : "https://stardewvalleywiki.com/Spring_Onion",
    "400" : "https://stardewvalleywiki.com/Strawberry",
    "402" : "https://stardewvalleywiki.com/Sweet_Pea",
    "404" : "https://stardewvalleywiki.com/Common_Mushroom",
    "406" : "https://stardewvalleywiki.com/Wild_Plum",
    "408" : "https://stardewvalleywiki.com/Hazelnut",
    "410" : "https://stardewvalleywiki.com/Blackberry",
    "412" : "https://stardewvalleywiki.com/Winter_Root",
    "414" : "https://stardewvalleywiki.com/Crystal_Fruit",
    "416" : "https://stardewvalleywiki.com/Snow_Yam",
    "417" : "https://stardewvalleywiki.com/Sweet_Gem_Berry",
    "418" : "https://stardewvalleywiki.com/Crocus",
    "420" : "https://stardewvalleywiki.com/Red_Mushroom",
    "421" : "https://stardewvalleywiki.com/Sunflower",
    "422" : "https://stardewvalleywiki.com/Purple_Mushroom",
    "424" : "https://stardewvalleywiki.com/Cheese",
    "426" : "https://stardewvalleywiki.com/Goat_Cheese",
    "428" : "https://stardewvalleywiki.com/Cloth",
    "430" : "https://stardewvalleywiki.com/Truffle",
    "432" : "https://stardewvalleywiki.com/Truffle_Oil",
    "433" : "https://stardewvalleywiki.com/Coffee_Bean",
    "436" : "https://stardewvalleywiki.com/Goat_Milk",
    "438" : "https://stardewvalleywiki.com/Large_Goat_Milk",
    "440" : "https://stardewvalleywiki.com/Wool",
    "442" : "https://stardewvalleywiki.com/Duck_Egg",
    "444" : "https://stardewvalleywiki.com/Duck_Feather",
    "445" : "https://stardewvalleywiki.com/Caviar",
    "446" : "https://stardewvalleywiki.com/Rabbit's_Foot",
    "447" : "https://stardewvalleywiki.com/Aged_Roe",
    "454" : "https://stardewvalleywiki.com/Ancient_Fruit",
    "456" : "https://stardewvalleywiki.com/Algae_Soup",
    "457" : "https://stardewvalleywiki.com/Pale_Broth",
    "459" : "https://stardewvalleywiki.com/Mead",
    "538" : "https://stardewvalleywiki.com/Alamite",
    "539" : "https://stardewvalleywiki.com/Bixite",
    "540" : "https://stardewvalleywiki.com/Baryte",
    "541" : "https://stardewvalleywiki.com/Aerinite",
    "542" : "https://stardewvalleywiki.com/Calcite",
    "543" : "https://stardewvalleywiki.com/Dolomite",
    "544" : "https://stardewvalleywiki.com/Esperite",
    "545" : "https://stardewvalleywiki.com/Fluorapatite",
    "546" : "https://stardewvalleywiki.com/Geminite",
    "547" : "https://stardewvalleywiki.com/Helvite",
    "548" : "https://stardewvalleywiki.com/Jamborite",
    "549" : "https://stardewvalleywiki.com/Jagoite",
    "550" : "https://stardewvalleywiki.com/Kyanite",
    "551" : "https://stardewvalleywiki.com/Lunarite",
    "552" : "https://stardewvalleywiki.com/Malachite",
    "553" : "https://stardewvalleywiki.com/Neptunite",
    "554" : "https://stardewvalleywiki.com/Lemon_Stone",
    "555" : "https://stardewvalleywiki.com/Nekoite",
    "556" : "https://stardewvalleywiki.com/Orpiment",
    "557" : "https://stardewvalleywiki.com/Petrified_Slime",
    "558" : "https://stardewvalleywiki.com/Thunder_Egg",
    "559" : "https://stardewvalleywiki.com/Pyrite",
    "560" : "https://stardewvalleywiki.com/Ocean_Stone",
    "561" : "https://stardewvalleywiki.com/Ghost_Crystal",
    "562" : "https://stardewvalleywiki.com/Tigerseye",
    "563" : "https://stardewvalleywiki.com/Jasper",
    "564" : "https://stardewvalleywiki.com/Opal",
    "565" : "https://stardewvalleywiki.com/Fire_Opal",
    "566" : "https://stardewvalleywiki.com/Celestine",
    "567" : "https://stardewvalleywiki.com/Marble",
    "568" : "https://stardewvalleywiki.com/Sandstone",
    "569" : "https://stardewvalleywiki.com/Granite",
    "570" : "https://stardewvalleywiki.com/Basalt",
    "571" : "https://stardewvalleywiki.com/Limestone",
    "572" : "https://stardewvalleywiki.com/Soapstone",
    "573" : "https://stardewvalleywiki.com/Hematite",
    "574" : "https://stardewvalleywiki.com/Mudstone",
    "575" : "https://stardewvalleywiki.com/Obsidian",
    "576" : "https://stardewvalleywiki.com/Slate",
    "577" : "https://stardewvalleywiki.com/Fairy_Stone",
    "578" : "https://stardewvalleywiki.com/Star_Shards",
    "579" : "https://stardewvalleywiki.com/Prehistoric_Scapula",
    "580" : "https://stardewvalleywiki.com/Prehistoric_Tibia",
    "581" : "https://stardewvalleywiki.com/Prehistoric_Skull",
    "582" : "https://stardewvalleywiki.com/Skeletal_Hand",
    "583" : "https://stardewvalleywiki.com/Prehistoric_Rib",
    "584" : "https://stardewvalleywiki.com/Prehistoric_Vertebra",
    "585" : "https://stardewvalleywiki.com/Skeletal_Tail",
    "586" : "https://stardewvalleywiki.com/Nautilus_Fossil",
    "587" : "https://stardewvalleywiki.com/Amphibian_Fossil",
    "588" : "https://stardewvalleywiki.com/Palm_Fossil",
    "589" : "https://stardewvalleywiki.com/Trilobite",
    "591" : "https://stardewvalleywiki.com/Tulip",
    "593" : "https://stardewvalleywiki.com/Summer_Spangle",
    "595" : "https://stardewvalleywiki.com/Fairy_Rose",
    "597" : "https://stardewvalleywiki.com/Blue_Jazz",
    "604" : "https://stardewvalleywiki.com/Plum_Pudding",
    "605" : "https://stardewvalleywiki.com/Artichoke_Dip",
    "606" : "https://stardewvalleywiki.com/Stir_Fry",
    "607" : "https://stardewvalleywiki.com/Roasted_Hazelnuts",
    "608" : "https://stardewvalleywiki.com/Pumpkin_Pie",
    "609" : "https://stardewvalleywiki.com/Radish_Salad",
    "610" : "https://stardewvalleywiki.com/Fruit_Salad",
    "611" : "https://stardewvalleywiki.com/Blackberry_Cobbler",
    "612" : "https://stardewvalleywiki.com/Cranberry_Candy",
    "613" : "https://stardewvalleywiki.com/Apple",
    "614" : "https://stardewvalleywiki.com/Green_Tea",
    "618" : "https://stardewvalleywiki.com/Bruschetta",
    "634" : "https://stardewvalleywiki.com/Apricot",
    "635" : "https://stardewvalleywiki.com/Orange",
    "636" : "https://stardewvalleywiki.com/Peach",
    "637" : "https://stardewvalleywiki.com/Pomegranate",
    "638" : "https://stardewvalleywiki.com/Cherry",
    "648" : "https://stardewvalleywiki.com/Coleslaw",
    "649" : "https://stardewvalleywiki.com/Fiddlehead_Risotto",
    "651" : "https://stardewvalleywiki.com/Poppyseed_Muffin",
    "682" : "https://stardewvalleywiki.com/Mutant_Carp",
    "684" : "https://stardewvalleywiki.com/Bug_Meat",
    "698" : "https://stardewvalleywiki.com/Sturgeon",
    "699" : "https://stardewvalleywiki.com/Tiger_Trout",
    "700" : "https://stardewvalleywiki.com/Bullhead",
    "701" : "https://stardewvalleywiki.com/Tilapia",
    "702" : "https://stardewvalleywiki.com/Chub",
    "704" : "https://stardewvalleywiki.com/Dorado",
    "705" : "https://stardewvalleywiki.com/Albacore",
    "706" : "https://stardewvalleywiki.com/Shad",
    "707" : "https://stardewvalleywiki.com/Lingcod",
    "708" : "https://stardewvalleywiki.com/Halibut",
    "709" : "https://stardewvalleywiki.com/Hardwood",
    "715" : "https://stardewvalleywiki.com/Lobster",
    "716" : "https://stardewvalleywiki.com/Crayfish",
    "717" : "https://stardewvalleywiki.com/Crab",
    "718" : "https://stardewvalleywiki.com/Cockle",
    "719" : "https://stardewvalleywiki.com/Mussel",
    "720" : "https://stardewvalleywiki.com/Shrimp",
    "721" : "https://stardewvalleywiki.com/Snail",
    "722" : "https://stardewvalleywiki.com/Periwinkle",
    "723" : "https://stardewvalleywiki.com/Oyster",
    "724" : "https://stardewvalleywiki.com/Maple_Syrup",
    "725" : "https://stardewvalleywiki.com/Oak_Resin",
    "726" : "https://stardewvalleywiki.com/Pine_Tar",
    "727" : "https://stardewvalleywiki.com/Chowder",
    "728" : "https://stardewvalleywiki.com/Fish_Stew",
    "729" : "https://stardewvalleywiki.com/Escargot",
    "730" : "https://stardewvalleywiki.com/Lobster_Bisque",
    "731" : "https://stardewvalleywiki.com/Maple_Bar",
    "732" : "https://stardewvalleywiki.com/Crab_Cakes",
    "733" : "https://stardewvalleywiki.com/Shrimp_Cocktail",
    "734" : "https://stardewvalleywiki.com/Woodskip",
    "766" : "https://stardewvalleywiki.com/Slime",
    "767" : "https://stardewvalleywiki.com/Bat_Wing",
    "768" : "https://stardewvalleywiki.com/Solar_Essence",
    "769" : "https://stardewvalleywiki.com/Void_Essence",
    "771" : "https://stardewvalleywiki.com/Fiber",
    "775" : "https://stardewvalleywiki.com/Glacierfish",
    "787" : "https://stardewvalleywiki.com/Battery_Pack",
    "795" : "https://stardewvalleywiki.com/Void_Salmon",
    "796" : "https://stardewvalleywiki.com/Slimejack",
    "798" : "https://stardewvalleywiki.com/Midnight_Squid",
    "799" : "https://stardewvalleywiki.com/Spook_Fish",
    "800" : "https://stardewvalleywiki.com/Blobfish",
    "807" : "https://stardewvalleywiki.com/Dinosaur_Mayonnaise",
    "812" : "https://stardewvalleywiki.com/Roe",
    "814" : "https://stardewvalleywiki.com/Squid_Ink",
    "815" : "https://stardewvalleywiki.com/Tea_Leaves",
    "829" : "https://stardewvalleywiki.com/Ginger",
    "830" : "https://stardewvalleywiki.com/Taro_Root",
    "832" : "https://stardewvalleywiki.com/Pineapple",
    "834" : "https://stardewvalleywiki.com/Mango",
    "836" : "https://stardewvalleywiki.com/Stingray",
    "837" : "https://stardewvalleywiki.com/Lionfish",
    "838" : "https://stardewvalleywiki.com/Blue_Discus",
    "848" : "https://stardewvalleywiki.com/Cinder_Shard",
    "851" : "https://stardewvalleywiki.com/Magma_Cap",
    "881" : "https://stardewvalleywiki.com/Bone_Fragment",
    "903" : "https://stardewvalleywiki.com/Ginger_Ale",
    "904" : "https://stardewvalleywiki.com/Banana_Pudding",
    "905" : "https://stardewvalleywiki.com/Mango_Sticky_Rice",
    "906" : "https://stardewvalleywiki.com/Poi",
    "907" : "https://stardewvalleywiki.com/Tropical_Curry",
    "909" : "https://stardewvalleywiki.com/Radioactive_Ore",
    "910" : "https://stardewvalleywiki.com/Radioactive_Bar",
    "921" : "https://stardewvalleywiki.com/Squid_Ink_Ravioli",

    "100001" : "https://stardewvalleywiki.com/Summer_Squash",
    "100002" : "https://stardewvalleywiki.com/Broccoli",
    "100003" : "https://stardewvalleywiki.com/Carrot",
    "100004" : "https://stardewvalleywiki.com/Powdermelon",
    "100005" : "https://stardewvalleywiki.com/Smoked_Fish",
    "100006" : "https://stardewvalleywiki.com/Moss",
    "100007" : "https://stardewvalleywiki.com/Dried_Mushrooms",
    "100008" : "https://stardewvalleywiki.com/Dried_Fruit",
    "100009" : "https://stardewvalleywiki.com/Raisins",
    "100010" : "https://stardewvalleywiki.com/Mystic_Syrup",

    "101000" : "https://stardewvalleywiki.com/Moss_Soup",

    "102000" : "https://stardewvalleywiki.com/Goby",
    "102001" : "https://stardewvalleywiki.com/Sea_Jelly",
    "102002" : "https://stardewvalleywiki.com/River_Jelly",
    "102003" : "https://stardewvalleywiki.com/Cave_Jelly",

    "103000" : "https://stardewvalleywiki.com/Price_Catalogue",
    "103001" : "https://stardewvalleywiki.com/Mapping_Cave_Systems",
    "103002" : "https://stardewvalleywiki.com/Way_Of_The_Wind_pt._1",
    "103003" : "https://stardewvalleywiki.com/Way_Of_The_Wind_pt._2",
    "103004" : "https://stardewvalleywiki.com/Monster_Compendium",
    "103005" : "https://stardewvalleywiki.com/Friendship_101",
    "103006" : "https://stardewvalleywiki.com/Jack_Be_Nimble,_Jack_Be_Thick",
    "103007" : "https://stardewvalleywiki.com/Woody's_Secret",
    "103008" : "https://stardewvalleywiki.com/Raccoon_Journal",
    "103009" : "https://stardewvalleywiki.com/Jewels_Of_The_Sea",
    "103010" : "https://stardewvalleywiki.com/Dwarvish_Safety_Manual",
    "103011" : "https://stardewvalleywiki.com/The_Art_O'_Crabbing",
    "103012" : "https://stardewvalleywiki.com/The_Alleyway_Buffet",
    "103013" : "https://stardewvalleywiki.com/The_Diamond_Hunter",
    "103014" : "https://stardewvalleywiki.com/Book_of_Mysteries",
    "103015" : "https://stardewvalleywiki.com/Horse:_The_Book",
    "103016" : "https://stardewvalleywiki.com/Treasure_Appraisal_Guide",
    "103017" : "https://stardewvalleywiki.com/Ol'_Slitherlegs",
    "103018" : "https://stardewvalleywiki.com/Animal_Catalogue",

    "105000" : "https://stardewvalleywiki.com/Bat",
    "105001" : "https://stardewvalleywiki.com/Big_Slime",
    "105029" : "https://stardewvalleywiki.com/Blue_Squid",
    "105002" : "https://stardewvalleywiki.com/Bug",
    "105025" : "https://stardewvalleywiki.com/Carbon_Ghost",
    "105003" : "https://stardewvalleywiki.com/Cave_Fly",
    "105004" : "https://stardewvalleywiki.com/Duggy",
    "105005" : "https://stardewvalleywiki.com/Dust_Spirit",
    "105030" : "https://stardewvalleywiki.com/Dwarvish_Sentry",
    "105031" : "https://stardewvalleywiki.com/False_Magma_Cap",
    "105006" : "https://stardewvalleywiki.com/Frost_Bat",
    "105007" : "https://stardewvalleywiki.com/Frost_Jelly",
    "105008" : "https://stardewvalleywiki.com/Ghost",
    "105009" : "https://stardewvalleywiki.com/Green_Slime",
    "105010" : "https://stardewvalleywiki.com/Grub",
    "105027" : "https://stardewvalleywiki.com/Haunted_Skull",
    "105032" : "https://stardewvalleywiki.com/Hot_Head",
    "105024" : "https://stardewvalleywiki.com/Iridium_Bat",
    "105026" : "https://stardewvalleywiki.com/Iridium_Crab",
    "105011" : "https://stardewvalleywiki.com/Lava_Bat",
    "105012" : "https://stardewvalleywiki.com/Lava_Crab",
    "105033" : "https://stardewvalleywiki.com/Lava_Lurk",
    "105034" : "https://stardewvalleywiki.com/Magma_Duggy",
    "105035" : "https://stardewvalleywiki.com/Magma_Sparker",
    "105036" : "https://stardewvalleywiki.com/Magma_Sprite",
    "105013" : "https://stardewvalleywiki.com/Metal_Head",
    "105014" : "https://stardewvalleywiki.com/Mummy",
    "105028" : "https://stardewvalleywiki.com/Pepper_Rex",
    "105037" : "https://stardewvalleywiki.com/Putrid_Ghost",
    "105015" : "https://stardewvalleywiki.com/Sludge",
    "105016" : "https://stardewvalleywiki.com/Rock_Crab",
    "105017" : "https://stardewvalleywiki.com/Serpent",
    "105018" : "https://stardewvalleywiki.com/Shadow_Brute",
    "105019" : "https://stardewvalleywiki.com/Shadow_Shaman",
    "105038" : "https://stardewvalleywiki.com/Shadow_Sniper",
    "105020" : "https://stardewvalleywiki.com/Skeleton",
    "105039" : "https://stardewvalleywiki.com/Skeleton_Mage",
    "105040" : "https://stardewvalleywiki.com/Spider",
    "105021" : "https://stardewvalleywiki.com/Squid_Kid",
    "105041" : "https://stardewvalleywiki.com/Stick_Bug",
    "105022" : "https://stardewvalleywiki.com/Stone_Golem",
    "105042" : "https://stardewvalleywiki.com/Tiger_slime",
    "105023" : "https://stardewvalleywiki.com/Wilderness_Golem",

    "106000" : "https://stardewvalleywiki.com/Abigail",
    "106001" : "https://stardewvalleywiki.com/Alex",
    "106002" : "https://stardewvalleywiki.com/Caroline",
    "106003" : "https://stardewvalleywiki.com/Clint",
    "106004" : "https://stardewvalleywiki.com/Demetrius",
    "106005" : "https://stardewvalleywiki.com/Dwarf",
    "106006" : "https://stardewvalleywiki.com/Elliott",
    "106007" : "https://stardewvalleywiki.com/Emily",
    "106008" : "https://stardewvalleywiki.com/Evelyn",
    "106009" : "https://stardewvalleywiki.com/George",
    "106010" : "https://stardewvalleywiki.com/Gus",
    "106011" : "https://stardewvalleywiki.com/Haley",
    "106012" : "https://stardewvalleywiki.com/Harvey",
    "106013" : "https://stardewvalleywiki.com/Jas",
    "106014" : "https://stardewvalleywiki.com/Jodi",
    "106015" : "https://stardewvalleywiki.com/Kent",
    "106016" : "https://stardewvalleywiki.com/Krobus",
    "106017" : "https://stardewvalleywiki.com/Leah",
    "106018" : "https://stardewvalleywiki.com/Lewis",
    "106019" : "https://stardewvalleywiki.com/Linus",
    "106020" : "https://stardewvalleywiki.com/Marnie",
    "106021" : "https://stardewvalleywiki.com/Maru",
    "106022" : "https://stardewvalleywiki.com/Pam",
    "106023" : "https://stardewvalleywiki.com/Penny",
    "106024" : "https://stardewvalleywiki.com/Pierre",
    "106025" : "https://stardewvalleywiki.com/Robin",
    "106026" : "https://stardewvalleywiki.com/Sam",
    "106027" : "https://stardewvalleywiki.com/Sandy",
    "106028" : "https://stardewvalleywiki.com/Sebastian",
    "106029" : "https://stardewvalleywiki.com/Shane",
    "106030" : "https://stardewvalleywiki.com/Vincent",
    "106031" : "https://stardewvalleywiki.com/Willy",
    "106032" : "https://stardewvalleywiki.com/Wizard",
    "106033" : "https://stardewvalleywiki.com/Leo",

    "107000" : "https://stardewvalleywiki.com/Dwarvish_Translation_Guide",
    "107001" : "https://stardewvalleywiki.com/Rusty_Key",
    "107002" : "https://stardewvalleywiki.com/Club_Card",
    "107003" : "https://stardewvalleywiki.com/Skull_Key",
    "107004" : "https://stardewvalleywiki.com/Forest_Magic",
    "107005" : "https://stardewvalleywiki.com/Dark_Talisman",
    "107006" : "https://stardewvalleywiki.com/Magic_Ink",
    "107007" : "https://stardewvalleywiki.com/Special_Charm",
    "107008" : "https://stardewvalleywiki.com/Magnifying_Glass",
    "107009" : "https://stardewvalleywiki.com/Bear%27s_Knowledge",
    "107010" : "https://stardewvalleywiki.com/Spring_Onion_Mastery",
    "107011" : "https://stardewvalleywiki.com/Key_To_The_Town",

	"108000" : "https://stardewvalleywiki.com/Cherry_Bomb",
	"108001" : "https://stardewvalleywiki.com/Bomb",
	"108002" : "https://stardewvalleywiki.com/Mega_Bomb",
	"108003" : "https://stardewvalleywiki.com/Gate",
	"108004" : "https://stardewvalleywiki.com/Wood_Fence",
	"108005" : "https://stardewvalleywiki.com/Stone_Fence",
	"108006" : "https://stardewvalleywiki.com/Iron_Fence",
	"108007" : "https://stardewvalleywiki.com/Hardwood_Fence",
	"108008" : "https://stardewvalleywiki.com/Sprinkler",
	"108009" : "https://stardewvalleywiki.com/Quality_Sprinkler",
	"108010" : "https://stardewvalleywiki.com/Iridium_Sprinkler",
	"108011" : "https://stardewvalleywiki.com/Mayonnaise_Machine",
	"108012" : "https://stardewvalleywiki.com/Bee_House",
	"108013" : "https://stardewvalleywiki.com/Preserves_Jar",
	"108014" : "https://stardewvalleywiki.com/Cheese_Press",
	"108015" : "https://stardewvalleywiki.com/Loom",
	"108016" : "https://stardewvalleywiki.com/Keg",
	"108017" : "https://stardewvalleywiki.com/Oil_Maker",
	"108018" : "https://stardewvalleywiki.com/Basic_Fertilizer",
	"108019" : "https://stardewvalleywiki.com/Quality_Fertilizer",
	"108020" : "https://stardewvalleywiki.com/Speed-Gro",
	"108021" : "https://stardewvalleywiki.com/Deluxe_Speed-Gro",
	"108022" : "https://stardewvalleywiki.com/Basic_Retaining_Soil",
	"108023" : "https://stardewvalleywiki.com/Quality_Retaining_Soil",
	"108024" : "https://stardewvalleywiki.com/Spring_Seeds",
	"108025" : "https://stardewvalleywiki.com/Summer_Seeds",
	"108026" : "https://stardewvalleywiki.com/Fall_Seeds",
	"108027" : "https://stardewvalleywiki.com/Winter_Seeds",
	"108028" : "https://stardewvalleywiki.com/Ancient_Seeds",
	"108029" : "https://stardewvalleywiki.com/Wood_Floor",
	"108030" : "https://stardewvalleywiki.com/Straw_Floor",
	"108031" : "https://stardewvalleywiki.com/Weathered_Floor",
	"108032" : "https://stardewvalleywiki.com/Crystal_Floor",
	"108033" : "https://stardewvalleywiki.com/Stone_Floor",
	"108034" : "https://stardewvalleywiki.com/Wood_Path",
	"108035" : "https://stardewvalleywiki.com/Gravel_Path",
	"108036" : "https://stardewvalleywiki.com/Stepping_Stone_Path",
	"108037" : "https://stardewvalleywiki.com/Crystal_Path",
	"108038" : "https://stardewvalleywiki.com/Spinner",
	"108039" : "https://stardewvalleywiki.com/Trap_Bobber",
	"108040" : "https://stardewvalleywiki.com/Cork_Bobber",
	"108041" : "https://stardewvalleywiki.com/Treasure_Hunter",
	"108042" : "https://stardewvalleywiki.com/Dressed_Spinner",
	"108043" : "https://stardewvalleywiki.com/Barbed_Hook",
	"108044" : "https://stardewvalleywiki.com/Magnet",
	"108045" : "https://stardewvalleywiki.com/Bait_(item)",
	"108046" : "https://stardewvalleywiki.com/Wild_Bait",
	"108047" : "https://stardewvalleywiki.com/Crab_Pot",
	"108048" : "https://stardewvalleywiki.com/Sturdy_Ring",
	"108049" : "https://stardewvalleywiki.com/Warrior_Ring",
	"108050" : "https://stardewvalleywiki.com/Ring_of_Yoba",
	"108051" : "https://stardewvalleywiki.com/Iridium_Band",
	"108052" : "https://stardewvalleywiki.com/Field_Snack",
	"108053" : "https://stardewvalleywiki.com/Life_Elixir",
	"108054" : "https://stardewvalleywiki.com/Oil_of_Garlic",
	"108055" : "https://stardewvalleywiki.com/Warp_Totem:_Beach",
	"108056" : "https://stardewvalleywiki.com/Warp_Totem:_Mountains",
	"108057" : "https://stardewvalleywiki.com/Warp_Totem:_Farm",
	"108058" : "https://stardewvalleywiki.com/Warp_Totem:_Desert",
	"108059" : "https://stardewvalleywiki.com/Rain_Totem",
	"108060" : "https://stardewvalleywiki.com/Torch",
	"108061" : "https://stardewvalleywiki.com/Campfire",
	"108062" : "https://stardewvalleywiki.com/Wooden_Brazier",
	"108063" : "https://stardewvalleywiki.com/Stone_Brazier",
	"108064" : "https://stardewvalleywiki.com/Gold_Brazier",
	"108065" : "https://stardewvalleywiki.com/Carved_Brazier",
	"108066" : "https://stardewvalleywiki.com/Stump_Brazier",
	"108067" : "https://stardewvalleywiki.com/Barrel_Brazier",
	"108068" : "https://stardewvalleywiki.com/Skull_Brazier",
	"108069" : "https://stardewvalleywiki.com/Marble_Brazier",
	"108070" : "https://stardewvalleywiki.com/Wood_Lamp-post",
	"108071" : "https://stardewvalleywiki.com/Iron_Lamp-post",
	"108072" : "https://stardewvalleywiki.com/Jack-O-Lantern",
	"108073" : "https://stardewvalleywiki.com/Charcoal_Kiln",
	"108074" : "https://stardewvalleywiki.com/Crystalarium",
	"108075" : "https://stardewvalleywiki.com/Furnace",
	"108076" : "https://stardewvalleywiki.com/Lightning_Rod",
	"108077" : "https://stardewvalleywiki.com/Recycling_Machine",
	"108078" : "https://stardewvalleywiki.com/Seed_Maker",
	"108079" : "https://stardewvalleywiki.com/Slime_Incubator",
	"108080" : "https://stardewvalleywiki.com/Slime_Egg-Press",
	"108081" : "https://stardewvalleywiki.com/Tapper",
	"108082" : "https://stardewvalleywiki.com/Worm_Bin",
	"108083" : "https://stardewvalleywiki.com/Tub_o'_Flowers",
	"108084" : "https://stardewvalleywiki.com/Wicked_Statue",
	"108085" : "https://stardewvalleywiki.com/Flute_Block",
	"108086" : "https://stardewvalleywiki.com/Drum_Block",
	"108087" : "https://stardewvalleywiki.com/Chest",
	"108088" : "https://stardewvalleywiki.com/Scarecrow",
	"108089" : "https://stardewvalleywiki.com/Staircase",
	"108090" : "https://stardewvalleywiki.com/Explosive_Ammo",
	"108091" : "https://stardewvalleywiki.com/Iron_Bar",
	"108092" : "https://stardewvalleywiki.com/Gold_Bar",
	"108093" : "https://stardewvalleywiki.com/Cask",
	"108094" : "https://stardewvalleywiki.com/Garden_Pot",
	"108095" : "https://stardewvalleywiki.com/Stone_Sign",
	"108096" : "https://stardewvalleywiki.com/Wood_Sign",
	"108097" : "https://stardewvalleywiki.com/Wedding_Ring",
	"108098" : "https://stardewvalleywiki.com/Brick_Floor",
	"108099" : "https://stardewvalleywiki.com/Deluxe_Scarecrow",
	"108100" : "https://stardewvalleywiki.com/Grass_Starter",
	"108101" : "https://stardewvalleywiki.com/Mini-Jukebox",
	"108102" : "https://stardewvalleywiki.com/Tea_Sapling",
	"108103" : "https://stardewvalleywiki.com/Tree_Fertilizer",
	"108104" : "https://stardewvalleywiki.com/Stone_Chest",
	"108105" : "https://stardewvalleywiki.com/Heavy_Tapper",
	"108106" : "https://stardewvalleywiki.com/Farm_Computer",
	"108107" : "https://stardewvalleywiki.com/Hopper",
	"108108" : "https://stardewvalleywiki.com/Ostrich_Incubator",
	"108109" : "https://stardewvalleywiki.com/Bone_Mill",
	"108110" : "https://stardewvalleywiki.com/Geode_Crusher",
	"108111" : "https://stardewvalleywiki.com/Mini-Obelisk",
	"108112" : "https://stardewvalleywiki.com/Cookout_Kit",
	"108113" : "https://stardewvalleywiki.com/Dark_Sign",
	"108114" : "https://stardewvalleywiki.com/Solar_Panel",
	"108115" : "https://stardewvalleywiki.com/Fiber_Seeds",
	"108116" : "https://stardewvalleywiki.com/Deluxe_Retaining_Soil",
	"108117" : "https://stardewvalleywiki.com/Deluxe_Fertilizer",
	"108118" : "https://stardewvalleywiki.com/Hyper_Speed-Gro",
	"108119" : "https://stardewvalleywiki.com/Rustic_Plank_Floor",
	"108120" : "https://stardewvalleywiki.com/Stone_Walkway_Floor",
	"108121" : "https://stardewvalleywiki.com/Warp_Totem:_Island",
	"108122" : "https://stardewvalleywiki.com/Quality_Bobber",
	"108123" : "https://stardewvalleywiki.com/Bug_Steak",
	"108124" : "https://stardewvalleywiki.com/Monster_Musk",
	"108125" : "https://stardewvalleywiki.com/Thorns_Ring",
	"108126" : "https://stardewvalleywiki.com/Glowstone_Ring",
	"108127" : "https://stardewvalleywiki.com/Fairy_Dust",
	"108128" : "https://stardewvalleywiki.com/Magic_Bait",
	"108129" : "https://stardewvalleywiki.com/Tent_Kit",
	"108130" : "https://stardewvalleywiki.com/Statue_Of_The_Dwarf_King",
	"108131" : "https://stardewvalleywiki.com/Statue_Of_Blessings",
	"108132" : "https://stardewvalleywiki.com/Anvil",
	"108133" : "https://stardewvalleywiki.com/Mini-Forge",
	"108134" : "https://stardewvalleywiki.com/Big_Chest",
	"108135" : "https://stardewvalleywiki.com/Big_Stone_Chest",
	"108136" : "https://stardewvalleywiki.com/Text_Sign",
	"108137" : "https://stardewvalleywiki.com/Deluxe_Worm_Bin",
	"108138" : "https://stardewvalleywiki.com/Mushroom_Log",
	"108139" : "https://stardewvalleywiki.com/Challenge_Bait",
	"108140" : "https://stardewvalleywiki.com/Blue_Grass_Starter",
	"108141" : "https://stardewvalleywiki.com/Mystic_Tree_Seed",
	"108142" : "https://stardewvalleywiki.com/Sonar_Bobber",
	"108143" : "https://stardewvalleywiki.com/Deluxe_Bait",
	"108144" : "https://stardewvalleywiki.com/Treasure_Totem",
	"108145" : "https://stardewvalleywiki.com/Heavy_Furnace",
	"108146" : "https://stardewvalleywiki.com/Fish_Smoker",
	"108147" : "https://stardewvalleywiki.com/Dehydrator",
	"108148" : "https://stardewvalleywiki.com/Bait_Maker",

	"109001" : "https://stardewvalleywiki.com/Egg_Festival",
	"109002" : "https://stardewvalleywiki.com/Flower_Dance",
	"109003" : "https://stardewvalleywiki.com/Luau",
	"109004" : "https://stardewvalleywiki.com/Dance_of_the_Moonlight_Jellies",
	"109005" : "https://stardewvalleywiki.com/Stardew_Valley_Fair",
	"109006" : "https://stardewvalleywiki.com/Spirit's_Eve",
	"109007" : "https://stardewvalleywiki.com/Festival_of_Ice",
	"109008" : "https://stardewvalleywiki.com/Feast_of_the_Winter_Star",
	"109009" : "https://stardewvalleywiki.com/Night_Market",
	"109010" : "https://stardewvalleywiki.com/Desert_Festival",
	"109011" : "https://stardewvalleywiki.com/Trout_Derby",
	"109012" : "https://stardewvalleywiki.com/SquidFest"
}